"Kind","Agent_Id","Queue_Id","Kernel_Id","Kernel_Name","Correlation_Id","Start_Timestamp","End_Timestamp","Private_Segment_Size","Group_Segment_Size","Workgroup_Size_X","Workgroup_Size_Y","Workgroup_Size_Z","Grid_Size_X","Grid_Size_Y","Grid_Size_Z"
"KERNEL_DISPATCH",4,1,46,"statevec_initZeroStateDistributedKernel",1,35890631830098,35890643987375,0,0,128,1,1,1073741824,1,1
"KERNEL_DISPATCH",4,1,46,"statevec_initZeroStateDistributedKernel",2,35890643987375,35890656143850,0,0,128,1,1,1073741824,1,1
"KERNEL_DISPATCH",4,1,28,"statevec_hadamardKernel",3,35890656143850,35890682838242,0,0,128,1,1,536870912,1,1
"KERNEL_DISPATCH",4,1,28,"statevec_hadamardKernel",4,35890682838299,35890709537816,0,0,128,1,1,536870912,1,1
"KERNEL_DISPATCH",4,1,28,"statevec_hadamardKernel",5,35890709537816,35890736230931,0,0,128,1,1,536870912,1,1
"KERNEL_DISPATCH",4,1,28,"statevec_hadamardKernel",6,35890736230931,35890762450768,0,0,128,1,1,536870912,1,1
"KERNEL_DISPATCH",4,1,28,"statevec_hadamardKernel",7,35890762450811,35890789611451,0,0,128,1,1,536870912,1,1
"KERNEL_DISPATCH",4,1,28,"statevec_hadamardKernel",8,35890789611451,35890815373849,0,0,128,1,1,536870912,1,1
"KERNEL_DISPATCH",4,1,28,"statevec_hadamardKernel",9,35890815373849,35890841160568,0,0,128,1,1,536870912,1,1
"KERNEL_DISPATCH",4,1,28,"statevec_hadamardKernel",10,35890841160684,35890866940689,0,0,128,1,1,536870912,1,1
"KERNEL_DISPATCH",4,1,28,"statevec_hadamardKernel",11,35890866940689,35890892684694,0,0,128,1,1,536870912,1,1
"KERNEL_DISPATCH",4,1,28,"statevec_hadamardKernel",12,35890892684694,35890918392219,0,0,128,1,1,536870912,1,1
"KERNEL_DISPATCH",4,1,28,"statevec_hadamardKernel",13,35890918392198,35890944299242,0,0,128,1,1,536870912,1,1
"KERNEL_DISPATCH",4,1,28,"statevec_hadamardKernel",14,35890944299242,35890970187246,0,0,128,1,1,536870912,1,1
"KERNEL_DISPATCH",4,1,28,"statevec_hadamardKernel",15,35890970187246,35890995921970,0,0,128,1,1,536870912,1,1
"KERNEL_DISPATCH",4,1,28,"statevec_hadamardKernel",16,35890995921927,35891021717449,0,0,128,1,1,536870912,1,1
"KERNEL_DISPATCH",4,1,28,"statevec_hadamardKernel",17,35891021717449,35891047117131,0,0,128,1,1,536870912,1,1
"KERNEL_DISPATCH",4,1,28,"statevec_hadamardKernel",18,35891047117131,35891072911373,0,0,128,1,1,536870912,1,1
"KERNEL_DISPATCH",4,1,28,"statevec_hadamardKernel",19,35891072911457,35891098822662,0,0,128,1,1,536870912,1,1
"KERNEL_DISPATCH",4,1,28,"statevec_hadamardKernel",20,35891098822662,35891124868267,0,0,128,1,1,536870912,1,1
"KERNEL_DISPATCH",4,1,28,"statevec_hadamardKernel",21,35891124868267,35891151790192,0,0,128,1,1,536870912,1,1
"KERNEL_DISPATCH",4,1,28,"statevec_hadamardKernel",22,35891151790157,35891178214481,0,0,128,1,1,536870912,1,1
"KERNEL_DISPATCH",4,1,28,"statevec_hadamardKernel",23,35891178214481,35891204099445,0,0,128,1,1,536870912,1,1
"KERNEL_DISPATCH",4,1,28,"statevec_hadamardKernel",24,35891204099445,35891230378649,0,0,128,1,1,536870912,1,1
"KERNEL_DISPATCH",4,1,28,"statevec_hadamardKernel",25,35891230378684,35891256412609,0,0,128,1,1,536870912,1,1
"KERNEL_DISPATCH",4,1,28,"statevec_hadamardKernel",26,35891256412609,35891283133734,0,0,128,1,1,536870912,1,1
"KERNEL_DISPATCH",4,1,28,"statevec_hadamardKernel",27,35891283133734,35891310067339,0,0,128,1,1,536870912,1,1
"KERNEL_DISPATCH",4,1,28,"statevec_hadamardKernel",28,35891310067421,35891336983588,0,0,128,1,1,536870912,1,1
"KERNEL_DISPATCH",4,1,28,"statevec_hadamardKernel",29,35891336983588,35891363747755,0,0,128,1,1,536870912,1,1
"KERNEL_DISPATCH",4,1,28,"statevec_hadamardKernel",30,35891363747755,35891390573683,0,0,128,1,1,536870912,1,1
"KERNEL_DISPATCH",4,1,28,"statevec_hadamardKernel",31,35891390573628,35891416521633,0,0,128,1,1,536870912,1,1
"KERNEL_DISPATCH",4,1,28,"statevec_hadamardKernel",32,35891416521633,35891442444518,0,0,128,1,1,536870912,1,1
"KERNEL_DISPATCH",4,1,16,"statevec_hadamardDistributedKernel",33,35891569077628,35891610023076,0,0,128,1,1,1073741824,1,1
"KERNEL_DISPATCH",4,1,15,"statevec_controlledNotKernel",34,35891610023076,35891657451725,0,0,128,1,1,1073741824,1,1
"KERNEL_DISPATCH",4,1,48,"statevec_controlledCompactUnitaryKernel",35,35891657451771,35891700642820,0,0,128,1,1,536870912,1,1
"KERNEL_DISPATCH",4,1,15,"statevec_controlledNotKernel",36,35891700642820,35891748093230,0,0,128,1,1,1073741824,1,1
"KERNEL_DISPATCH",4,1,15,"statevec_controlledNotKernel",37,35891748093167,35891779851252,0,0,128,1,1,1073741824,1,1
"KERNEL_DISPATCH",4,1,48,"statevec_controlledCompactUnitaryKernel",38,35891779851252,35891823059579,0,0,128,1,1,536870912,1,1
"KERNEL_DISPATCH",4,1,15,"statevec_controlledNotKernel",39,35891823059556,35891854806761,0,0,128,1,1,1073741824,1,1
"KERNEL_DISPATCH",4,1,15,"statevec_controlledNotKernel",40,35891854806761,35891878042284,0,0,128,1,1,1073741824,1,1
"KERNEL_DISPATCH",4,1,48,"statevec_controlledCompactUnitaryKernel",41,35891878042387,35891921217117,0,0,128,1,1,536870912,1,1
"KERNEL_DISPATCH",4,1,15,"statevec_controlledNotKernel",42,35891921217117,35891944464482,0,0,128,1,1,1073741824,1,1
"KERNEL_DISPATCH",4,1,15,"statevec_controlledNotKernel",43,35891944464482,35891969170888,0,0,128,1,1,1073741824,1,1
"KERNEL_DISPATCH",4,1,48,"statevec_controlledCompactUnitaryKernel",44,35891969170916,35892012438126,0,0,128,1,1,536870912,1,1
"KERNEL_DISPATCH",4,1,15,"statevec_controlledNotKernel",45,35892012438126,35892037104372,0,0,128,1,1,1073741824,1,1
"KERNEL_DISPATCH",4,1,15,"statevec_controlledNotKernel",46,35892037104372,35892055750616,0,0,128,1,1,1073741824,1,1
"KERNEL_DISPATCH",4,1,48,"statevec_controlledCompactUnitaryKernel",47,35892055750625,35892098689196,0,0,128,1,1,536870912,1,1
"KERNEL_DISPATCH",4,1,15,"statevec_controlledNotKernel",48,35892098689196,35892117360080,0,0,128,1,1,1073741824,1,1
"KERNEL_DISPATCH",4,1,15,"statevec_controlledNotKernel",49,35892117360080,35892135726325,0,0,128,1,1,1073741824,1,1
"KERNEL_DISPATCH",4,1,48,"statevec_controlledCompactUnitaryKernel",50,35892135726345,35892178917396,0,0,128,1,1,536870912,1,1
"KERNEL_DISPATCH",4,1,15,"statevec_controlledNotKernel",51,35892178917396,35892197279480,0,0,128,1,1,1073741824,1,1
"KERNEL_DISPATCH",4,1,15,"statevec_controlledNotKernel",52,35892197279480,35892217566526,0,0,128,1,1,1073741824,1,1
"KERNEL_DISPATCH",4,1,48,"statevec_controlledCompactUnitaryKernel",53,35892217566497,35892260710027,0,0,128,1,1,536870912,1,1
"KERNEL_DISPATCH",4,1,15,"statevec_controlledNotKernel",54,35892260710027,35892281020432,0,0,128,1,1,1073741824,1,1
"KERNEL_DISPATCH",4,1,15,"statevec_controlledNotKernel",55,35892281020432,35892299850836,0,0,128,1,1,1073741824,1,1
"KERNEL_DISPATCH",4,1,48,"statevec_controlledCompactUnitaryKernel",56,35892299850941,35892342866794,0,0,128,1,1,536870912,1,1
"KERNEL_DISPATCH",4,1,15,"statevec_controlledNotKernel",57,35892342866794,35892361688559,0,0,128,1,1,1073741824,1,1
"KERNEL_DISPATCH",4,1,15,"statevec_controlledNotKernel",58,35892361688559,35892379933365,0,0,128,1,1,1073741824,1,1
"KERNEL_DISPATCH",4,1,48,"statevec_controlledCompactUnitaryKernel",59,35892379933283,35892423175374,0,0,128,1,1,536870912,1,1
"KERNEL_DISPATCH",4,1,15,"statevec_controlledNotKernel",60,35892423175374,35892441439538,0,0,128,1,1,1073741824,1,1
"KERNEL_DISPATCH",4,1,15,"statevec_controlledNotKernel",61,35892441439538,35892463554424,0,0,128,1,1,1073741824,1,1
"KERNEL_DISPATCH",4,1,48,"statevec_controlledCompactUnitaryKernel",62,35892463554376,35892506710866,0,0,128,1,1,536870912,1,1
"KERNEL_DISPATCH",4,1,15,"statevec_controlledNotKernel",63,35892506710866,35892528838871,0,0,128,1,1,1073741824,1,1
"KERNEL_DISPATCH",4,1,15,"statevec_controlledNotKernel",64,35892528838871,35892551420956,0,0,128,1,1,1073741824,1,1
"KERNEL_DISPATCH",4,1,48,"statevec_controlledCompactUnitaryKernel",65,35892551421084,35892594409096,0,0,128,1,1,536870912,1,1
"KERNEL_DISPATCH",4,1,15,"statevec_controlledNotKernel",66,35892594409096,35892616921902,0,0,128,1,1,1073741824,1,1
"KERNEL_DISPATCH",4,1,15,"statevec_controlledNotKernel",67,35892616921902,35892639183509,0,0,128,1,1,1073741824,1,1
"KERNEL_DISPATCH",4,1,48,"statevec_controlledCompactUnitaryKernel",68,35892639183518,35892682409611,0,0,128,1,1,536870912,1,1
"KERNEL_DISPATCH",4,1,15,"statevec_controlledNotKernel",69,35892682409611,35892704707857,0,0,128,1,1,1073741824,1,1
"KERNEL_DISPATCH",4,1,15,"statevec_controlledNotKernel",70,35892704707857,35892726818584,0,0,128,1,1,1073741824,1,1
"KERNEL_DISPATCH",4,1,48,"statevec_controlledCompactUnitaryKernel",71,35892726818697,35892769876631,0,0,128,1,1,536870912,1,1
"KERNEL_DISPATCH",4,1,15,"statevec_controlledNotKernel",72,35892769876631,35892791998398,0,0,128,1,1,1073741824,1,1
"KERNEL_DISPATCH",4,1,15,"statevec_controlledNotKernel",73,35892791998398,35892810356165,0,0,128,1,1,1073741824,1,1
"KERNEL_DISPATCH",4,1,48,"statevec_controlledCompactUnitaryKernel",74,35892810355963,35892853529574,0,0,128,1,1,536870912,1,1
"KERNEL_DISPATCH",4,1,15,"statevec_controlledNotKernel",75,35892853529574,35892871895178,0,0,128,1,1,1073741824,1,1
"KERNEL_DISPATCH",4,1,15,"statevec_controlledNotKernel",76,35892871895178,35892891090223,0,0,128,1,1,1073741824,1,1
"KERNEL_DISPATCH",4,1,48,"statevec_controlledCompactUnitaryKernel",77,35892891090313,35892934276885,0,0,128,1,1,536870912,1,1
"KERNEL_DISPATCH",4,1,15,"statevec_controlledNotKernel",78,35892934276885,35892953500090,0,0,128,1,1,1073741824,1,1
"KERNEL_DISPATCH",4,1,15,"statevec_controlledNotKernel",79,35892953499992,35893001306404,0,0,128,1,1,1073741824,1,1
"KERNEL_DISPATCH",4,1,48,"statevec_controlledCompactUnitaryKernel",80,35893001306404,35893044470895,0,0,128,1,1,536870912,1,1
"KERNEL_DISPATCH",4,1,15,"statevec_controlledNotKernel",81,35893044470936,35893092285029,0,0,128,1,1,1073741824,1,1
"KERNEL_DISPATCH",4,1,15,"statevec_controlledNotKernel",82,35893092285029,35893124353517,0,0,128,1,1,1073741824,1,1
"KERNEL_DISPATCH",4,1,48,"statevec_controlledCompactUnitaryKernel",83,35893124353739,35893167519834,0,0,128,1,1,536870912,1,1
"KERNEL_DISPATCH",4,1,15,"statevec_controlledNotKernel",84,35893167519834,35893199593445,0,0,128,1,1,1073741824,1,1
"KERNEL_DISPATCH",4,1,15,"statevec_controlledNotKernel",85,35893199593445,35893223771854,0,0,128,1,1,1073741824,1,1
"KERNEL_DISPATCH",4,1,48,"statevec_controlledCompactUnitaryKernel",86,35893223771621,35893266931152,0,0,128,1,1,536870912,1,1
"KERNEL_DISPATCH",4,1,15,"statevec_controlledNotKernel",87,35893266931152,35893291114838,0,0,128,1,1,1073741824,1,1
"KERNEL_DISPATCH",4,1,15,"statevec_controlledNotKernel",88,35893291114838,35893316514045,0,0,128,1,1,1073741824,1,1
"KERNEL_DISPATCH",4,1,48,"statevec_controlledCompactUnitaryKernel",89,35893316514328,35893359688904,0,0,128,1,1,536870912,1,1
"KERNEL_DISPATCH",4,1,15,"statevec_controlledNotKernel",90,35893359688904,35893385074673,0,0,128,1,1,1073741824,1,1
"KERNEL_DISPATCH",4,1,15,"statevec_controlledNotKernel",91,35893385074673,35893403886360,0,0,128,1,1,1073741824,1,1
"KERNEL_DISPATCH",4,1,48,"statevec_controlledCompactUnitaryKernel",92,35893403886138,35893447042630,0,0,128,1,1,536870912,1,1
"KERNEL_DISPATCH",4,1,15,"statevec_controlledNotKernel",93,35893447042630,35893465860715,0,0,128,1,1,1073741824,1,1
"KERNEL_DISPATCH",4,1,15,"statevec_controlledNotKernel",94,35893465860715,35893484356881,0,0,128,1,1,1073741824,1,1
"KERNEL_DISPATCH",4,1,48,"statevec_controlledCompactUnitaryKernel",95,35893484356927,35893527515660,0,0,128,1,1,536870912,1,1
"KERNEL_DISPATCH",4,1,15,"statevec_controlledNotKernel",96,35893527515660,35893546024145,0,0,128,1,1,1073741824,1,1
"KERNEL_DISPATCH",4,1,15,"statevec_controlledNotKernel",97,35893546024145,35893566496792,0,0,128,1,1,1073741824,1,1
"KERNEL_DISPATCH",4,1,48,"statevec_controlledCompactUnitaryKernel",98,35893566496744,35893609648596,0,0,128,1,1,536870912,1,1
"KERNEL_DISPATCH",4,1,15,"statevec_controlledNotKernel",99,35893609648596,35893630132602,0,0,128,1,1,1073741824,1,1
"KERNEL_DISPATCH",4,1,15,"statevec_controlledNotKernel",100,35893630132602,35893648526847,0,0,128,1,1,1073741824,1,1
"KERNEL_DISPATCH",4,1,48,"statevec_controlledCompactUnitaryKernel",101,35893648526967,35893691691141,0,0,128,1,1,536870912,1,1
"KERNEL_DISPATCH",4,1,15,"statevec_controlledNotKernel",102,35893691691141,35893710094187,0,0,128,1,1,1073741824,1,1
"KERNEL_DISPATCH",4,1,15,"statevec_controlledNotKernel",103,35893710094187,35893728250673,0,0,128,1,1,1073741824,1,1
"KERNEL_DISPATCH",4,1,48,"statevec_controlledCompactUnitaryKernel",104,35893728250613,35893771451906,0,0,128,1,1,536870912,1,1
"KERNEL_DISPATCH",4,1,15,"statevec_controlledNotKernel",105,35893771451906,35893789633991,0,0,128,1,1,1073741824,1,1
"KERNEL_DISPATCH",4,1,15,"statevec_controlledNotKernel",106,35893789633991,35893811845038,0,0,128,1,1,1073741824,1,1
"KERNEL_DISPATCH",4,1,48,"statevec_controlledCompactUnitaryKernel",107,35893811845080,35893855015654,0,0,128,1,1,536870912,1,1
"KERNEL_DISPATCH",4,1,15,"statevec_controlledNotKernel",108,35893855015654,35893877238541,0,0,128,1,1,1073741824,1,1
"KERNEL_DISPATCH",4,1,15,"statevec_controlledNotKernel",109,35893877238541,35893900003028,0,0,128,1,1,1073741824,1,1
"KERNEL_DISPATCH",4,1,48,"statevec_controlledCompactUnitaryKernel",110,35893900002974,35893943147787,0,0,128,1,1,536870912,1,1
"KERNEL_DISPATCH",4,1,15,"statevec_controlledNotKernel",111,35893943147787,35893965906994,0,0,128,1,1,1073741824,1,1
"KERNEL_DISPATCH",4,1,15,"statevec_controlledNotKernel",112,35893965906994,35893988285241,0,0,128,1,1,1073741824,1,1
"KERNEL_DISPATCH",4,1,48,"statevec_controlledCompactUnitaryKernel",113,35893988285212,35894031434345,0,0,128,1,1,536870912,1,1
"KERNEL_DISPATCH",4,1,15,"statevec_controlledNotKernel",114,35894031434345,35894053848591,0,0,128,1,1,1073741824,1,1
"KERNEL_DISPATCH",4,1,15,"statevec_controlledNotKernel",115,35894053848591,35894076074998,0,0,128,1,1,1073741824,1,1
"KERNEL_DISPATCH",4,1,48,"statevec_controlledCompactUnitaryKernel",116,35894076075098,35894119251912,0,0,128,1,1,536870912,1,1
"KERNEL_DISPATCH",4,1,15,"statevec_controlledNotKernel",117,35894119251912,35894141416399,0,0,128,1,1,1073741824,1,1
"KERNEL_DISPATCH",4,1,15,"statevec_controlledNotKernel",118,35894141416399,35894159759445,0,0,128,1,1,1073741824,1,1
"KERNEL_DISPATCH",4,1,48,"statevec_controlledCompactUnitaryKernel",119,35894159759483,35894202912457,0,0,128,1,1,536870912,1,1
"KERNEL_DISPATCH",4,1,15,"statevec_controlledNotKernel",120,35894202912457,35894221260463,0,0,128,1,1,1073741824,1,1
"KERNEL_DISPATCH",4,1,15,"statevec_controlledNotKernel",121,35894221260463,35894240556949,0,0,128,1,1,1073741824,1,1
"KERNEL_DISPATCH",4,1,48,"statevec_controlledCompactUnitaryKernel",122,35894240556942,35894283713596,0,0,128,1,1,536870912,1,1
"KERNEL_DISPATCH",4,1,15,"statevec_controlledNotKernel",123,35894283713596,35894303057922,0,0,128,1,1,1073741824,1,1
"KERNEL_DISPATCH",4,1,15,"statevec_controlledNotKernel",124,35894303057936,35894351200352,0,0,128,1,1,1073741824,1,1
"KERNEL_DISPATCH",4,1,48,"statevec_controlledCompactUnitaryKernel",125,35894351200352,35894394754286,0,0,128,1,1,536870912,1,1
"KERNEL_DISPATCH",4,1,15,"statevec_controlledNotKernel",126,35894394754242,35894442870897,0,0,128,1,1,1073741824,1,1
"KERNEL_DISPATCH",4,1,15,"statevec_controlledNotKernel",127,35894442870897,35894475051547,0,0,128,1,1,1073741824,1,1
"KERNEL_DISPATCH",4,1,48,"statevec_controlledCompactUnitaryKernel",128,35894475051635,35894518579330,0,0,128,1,1,536870912,1,1
"KERNEL_DISPATCH",4,1,15,"statevec_controlledNotKernel",129,35894518579330,35894550737741,0,0,128,1,1,1073741824,1,1
"KERNEL_DISPATCH",4,1,15,"statevec_controlledNotKernel",130,35894550737741,35894575035349,0,0,128,1,1,1073741824,1,1
"KERNEL_DISPATCH",4,1,48,"statevec_controlledCompactUnitaryKernel",131,35894575035340,35894618475675,0,0,128,1,1,536870912,1,1
"KERNEL_DISPATCH",4,1,15,"statevec_controlledNotKernel",132,35894618475675,35894642778723,0,0,128,1,1,1073741824,1,1
"KERNEL_DISPATCH",4,1,15,"statevec_controlledNotKernel",133,35894642778723,35894668312012,0,0,128,1,1,1073741824,1,1
"KERNEL_DISPATCH",4,1,48,"statevec_controlledCompactUnitaryKernel",134,35894668312011,35894711836986,0,0,128,1,1,536870912,1,1
"KERNEL_DISPATCH",4,1,15,"statevec_controlledNotKernel",135,35894711836986,35894737383714,0,0,128,1,1,1073741824,1,1
"KERNEL_DISPATCH",4,1,15,"statevec_controlledNotKernel",136,35894737383714,35894755739241,0,0,128,1,1,1073741824,1,1
"KERNEL_DISPATCH",4,1,48,"statevec_controlledCompactUnitaryKernel",137,35894755739151,35894799166045,0,0,128,1,1,536870912,1,1
"KERNEL_DISPATCH",4,1,15,"statevec_controlledNotKernel",138,35894799166045,35894817526050,0,0,128,1,1,1073741824,1,1
"KERNEL_DISPATCH",4,1,15,"statevec_controlledNotKernel",139,35894817526050,35894836093417,0,0,128,1,1,1073741824,1,1
"KERNEL_DISPATCH",4,1,48,"statevec_controlledCompactUnitaryKernel",140,35894836093388,35894879589721,0,0,128,1,1,536870912,1,1
"KERNEL_DISPATCH",4,1,15,"statevec_controlledNotKernel",141,35894879589721,35894898179006,0,0,128,1,1,1073741824,1,1
"KERNEL_DISPATCH",4,1,15,"statevec_controlledNotKernel",142,35894898179006,35894918716133,0,0,128,1,1,1073741824,1,1
"KERNEL_DISPATCH",4,1,48,"statevec_controlledCompactUnitaryKernel",143,35894918716222,35894962221516,0,0,128,1,1,536870912,1,1
"KERNEL_DISPATCH",4,1,15,"statevec_controlledNotKernel",144,35894962221516,35894982758162,0,0,128,1,1,1073741824,1,1
"KERNEL_DISPATCH",4,1,15,"statevec_controlledNotKernel",145,35894982758162,35895001270009,0,0,128,1,1,1073741824,1,1
"KERNEL_DISPATCH",4,1,48,"statevec_controlledCompactUnitaryKernel",146,35895001270058,35895044798073,0,0,128,1,1,536870912,1,1
"KERNEL_DISPATCH",4,1,15,"statevec_controlledNotKernel",147,35895044798073,35895063345279,0,0,128,1,1,1073741824,1,1
"KERNEL_DISPATCH",4,1,15,"statevec_controlledNotKernel",148,35895063345279,35895082464006,0,0,128,1,1,1073741824,1,1
"KERNEL_DISPATCH",4,1,48,"statevec_controlledCompactUnitaryKernel",149,35895082464072,35895126145367,0,0,128,1,1,536870912,1,1
"KERNEL_DISPATCH",4,1,15,"statevec_controlledNotKernel",150,35895126145367,35895145245213,0,0,128,1,1,1073741824,1,1
"KERNEL_DISPATCH",4,1,15,"statevec_controlledNotKernel",151,35895145245213,35895167549382,0,0,128,1,1,1073741824,1,1
"KERNEL_DISPATCH",4,1,48,"statevec_controlledCompactUnitaryKernel",152,35895167549217,35895211059151,0,0,128,1,1,536870912,1,1
"KERNEL_DISPATCH",4,1,15,"statevec_controlledNotKernel",153,35895211059151,35895233389398,0,0,128,1,1,1073741824,1,1
"KERNEL_DISPATCH",4,1,15,"statevec_controlledNotKernel",154,35895233389398,35895255986845,0,0,128,1,1,1073741824,1,1
"KERNEL_DISPATCH",4,1,48,"statevec_controlledCompactUnitaryKernel",155,35895255986915,35895299421329,0,0,128,1,1,536870912,1,1
"KERNEL_DISPATCH",4,1,15,"statevec_controlledNotKernel",156,35895299421329,35895322026456,0,0,128,1,1,1073741824,1,1
"KERNEL_DISPATCH",4,1,15,"statevec_controlledNotKernel",157,35895322026456,35895344482304,0,0,128,1,1,1073741824,1,1
"KERNEL_DISPATCH",4,1,48,"statevec_controlledCompactUnitaryKernel",158,35895344482320,35895387887455,0,0,128,1,1,536870912,1,1
"KERNEL_DISPATCH",4,1,15,"statevec_controlledNotKernel",159,35895387887455,35895410345062,0,0,128,1,1,1073741824,1,1
"KERNEL_DISPATCH",4,1,15,"statevec_controlledNotKernel",160,35895410345062,35895432625550,0,0,128,1,1,1073741824,1,1
"KERNEL_DISPATCH",4,1,48,"statevec_controlledCompactUnitaryKernel",161,35895432625530,35895476149704,0,0,128,1,1,536870912,1,1
"KERNEL_DISPATCH",4,1,15,"statevec_controlledNotKernel",162,35895476149704,35895498441711,0,0,128,1,1,1073741824,1,1
"KERNEL_DISPATCH",4,1,15,"statevec_controlledNotKernel",163,35895498441711,35895516949237,0,0,128,1,1,1073741824,1,1
"KERNEL_DISPATCH",4,1,48,"statevec_controlledCompactUnitaryKernel",164,35895516949404,35895560471980,0,0,128,1,1,536870912,1,1
"KERNEL_DISPATCH",4,1,15,"statevec_controlledNotKernel",165,35895560471980,35895579003346,0,0,128,1,1,1073741824,1,1
"KERNEL_DISPATCH",4,1,15,"statevec_controlledNotKernel",166,35895579003346,35895598361594,0,0,128,1,1,1073741824,1,1
"KERNEL_DISPATCH",4,1,48,"statevec_controlledCompactUnitaryKernel",167,35895598361423,35895641847197,0,0,128,1,1,536870912,1,1
"KERNEL_DISPATCH",4,1,15,"statevec_controlledNotKernel",168,35895641847197,35895661171363,0,0,128,1,1,1073741824,1,1
"KERNEL_DISPATCH",4,1,15,"statevec_controlledNotKernel",169,35895661171487,35895709193424,0,0,128,1,1,1073741824,1,1
"KERNEL_DISPATCH",4,1,48,"statevec_controlledCompactUnitaryKernel",170,35895709193424,35895752289119,0,0,128,1,1,536870912,1,1
"KERNEL_DISPATCH",4,1,15,"statevec_controlledNotKernel",171,35895752289197,35895800350655,0,0,128,1,1,1073741824,1,1
"KERNEL_DISPATCH",4,1,15,"statevec_controlledNotKernel",172,35895800350655,35895832447947,0,0,128,1,1,1073741824,1,1
"KERNEL_DISPATCH",4,1,48,"statevec_controlledCompactUnitaryKernel",173,35895832447899,35895875569674,0,0,128,1,1,536870912,1,1
"KERNEL_DISPATCH",4,1,15,"statevec_controlledNotKernel",174,35895875569674,35895907673045,0,0,128,1,1,1073741824,1,1
"KERNEL_DISPATCH",4,1,15,"statevec_controlledNotKernel",175,35895907673045,35895932008254,0,0,128,1,1,1073741824,1,1
"KERNEL_DISPATCH",4,1,48,"statevec_controlledCompactUnitaryKernel",176,35895932008113,35895975145407,0,0,128,1,1,536870912,1,1
"KERNEL_DISPATCH",4,1,15,"statevec_controlledNotKernel",177,35895975145407,35895999406215,0,0,128,1,1,1073741824,1,1
"KERNEL_DISPATCH",4,1,15,"statevec_controlledNotKernel",178,35895999406215,35896024878064,0,0,128,1,1,1073741824,1,1
"KERNEL_DISPATCH",4,1,48,"statevec_controlledCompactUnitaryKernel",179,35896024878321,35896068032577,0,0,128,1,1,536870912,1,1
"KERNEL_DISPATCH",4,1,15,"statevec_controlledNotKernel",180,35896068032577,35896093534026,0,0,128,1,1,1073741824,1,1
"KERNEL_DISPATCH",4,1,15,"statevec_controlledNotKernel",181,35896093534026,35896113016914,0,0,128,1,1,1073741824,1,1
"KERNEL_DISPATCH",4,1,48,"statevec_controlledCompactUnitaryKernel",182,35896113016737,35896156065552,0,0,128,1,1,536870912,1,1
"KERNEL_DISPATCH",4,1,15,"statevec_controlledNotKernel",183,35896156065552,35896175553398,0,0,128,1,1,1073741824,1,1
"KERNEL_DISPATCH",4,1,15,"statevec_controlledNotKernel",184,35896175553398,35896193792125,0,0,128,1,1,1073741824,1,1
"KERNEL_DISPATCH",4,1,48,"statevec_controlledCompactUnitaryKernel",185,35896193792124,35896236940779,0,0,128,1,1,536870912,1,1
"KERNEL_DISPATCH",4,1,15,"statevec_controlledNotKernel",186,35896236940779,35896255182865,0,0,128,1,1,1073741824,1,1
"KERNEL_DISPATCH",4,1,15,"statevec_controlledNotKernel",187,35896255182865,35896275692792,0,0,128,1,1,1073741824,1,1
"KERNEL_DISPATCH",4,1,48,"statevec_controlledCompactUnitaryKernel",188,35896275692856,35896318895751,0,0,128,1,1,536870912,1,1
"KERNEL_DISPATCH",4,1,15,"statevec_controlledNotKernel",189,35896318895751,35896339425038,0,0,128,1,1,1073741824,1,1
"KERNEL_DISPATCH",4,1,15,"statevec_controlledNotKernel",190,35896339425038,35896357907925,0,0,128,1,1,1073741824,1,1
"KERNEL_DISPATCH",4,1,48,"statevec_controlledCompactUnitaryKernel",191,35896357907972,35896401128468,0,0,128,1,1,536870912,1,1
"KERNEL_DISPATCH",4,1,15,"statevec_controlledNotKernel",192,35896401128468,35896419606554,0,0,128,1,1,1073741824,1,1
"KERNEL_DISPATCH",4,1,15,"statevec_controlledNotKernel",193,35896419606554,35896438710562,0,0,128,1,1,1073741824,1,1
"KERNEL_DISPATCH",4,1,48,"statevec_controlledCompactUnitaryKernel",194,35896438710568,35896481935704,0,0,128,1,1,536870912,1,1
"KERNEL_DISPATCH",4,1,15,"statevec_controlledNotKernel",195,35896481935704,35896501044351,0,0,128,1,1,1073741824,1,1
"KERNEL_DISPATCH",4,1,15,"statevec_controlledNotKernel",196,35896501044351,35896523330759,0,0,128,1,1,1073741824,1,1
"KERNEL_DISPATCH",4,1,48,"statevec_controlledCompactUnitaryKernel",197,35896523330664,35896566504759,0,0,128,1,1,536870912,1,1
"KERNEL_DISPATCH",4,1,15,"statevec_controlledNotKernel",198,35896566504759,35896588777567,0,0,128,1,1,1073741824,1,1
"KERNEL_DISPATCH",4,1,15,"statevec_controlledNotKernel",199,35896588777567,35896611379655,0,0,128,1,1,1073741824,1,1
"KERNEL_DISPATCH",4,1,48,"statevec_controlledCompactUnitaryKernel",200,35896611379750,35896654615126,0,0,128,1,1,536870912,1,1
"KERNEL_DISPATCH",4,1,15,"statevec_controlledNotKernel",201,35896654615126,35896677242494,0,0,128,1,1,1073741824,1,1
"KERNEL_DISPATCH",4,1,15,"statevec_controlledNotKernel",202,35896677242494,35896699653062,0,0,128,1,1,1073741824,1,1
"KERNEL_DISPATCH",4,1,48,"statevec_controlledCompactUnitaryKernel",203,35896699653023,35896742795759,0,0,128,1,1,536870912,1,1
"KERNEL_DISPATCH",4,1,15,"statevec_controlledNotKernel",204,35896742795759,35896765237207,0,0,128,1,1,1073741824,1,1
"KERNEL_DISPATCH",4,1,15,"statevec_controlledNotKernel",205,35896765237207,35896787472575,0,0,128,1,1,1073741824,1,1
"KERNEL_DISPATCH",4,1,48,"statevec_controlledCompactUnitaryKernel",206,35896787472609,35896830655505,0,0,128,1,1,536870912,1,1
"KERNEL_DISPATCH",4,1,15,"statevec_controlledNotKernel",207,35896830655505,35896852889593,0,0,128,1,1,1073741824,1,1
"KERNEL_DISPATCH",4,1,15,"statevec_controlledNotKernel",208,35896852889593,35896871352160,0,0,128,1,1,1073741824,1,1
"KERNEL_DISPATCH",4,1,48,"statevec_controlledCompactUnitaryKernel",209,35896871352221,35896914465037,0,0,128,1,1,536870912,1,1
"KERNEL_DISPATCH",4,1,15,"statevec_controlledNotKernel",210,35896914465037,35896932924084,0,0,128,1,1,1073741824,1,1
"KERNEL_DISPATCH",4,1,15,"statevec_controlledNotKernel",211,35896932924084,35896952208571,0,0,128,1,1,1073741824,1,1
"KERNEL_DISPATCH",4,1,48,"statevec_controlledCompactUnitaryKernel",212,35896952208495,35896995380671,0,0,128,1,1,536870912,1,1
"KERNEL_DISPATCH",4,1,15,"statevec_controlledNotKernel",213,35896995380671,35897014685638,0,0,128,1,1,1073741824,1,1
"KERNEL_DISPATCH",4,1,15,"statevec_controlledNotKernel",214,35897014685731,35897062444789,0,0,128,1,1,1073741824,1,1
"KERNEL_DISPATCH",4,1,48,"statevec_controlledCompactUnitaryKernel",215,35897062444789,35897105503845,0,0,128,1,1,536870912,1,1
"KERNEL_DISPATCH",4,1,15,"statevec_controlledNotKernel",216,35897105503863,35897153253321,0,0,128,1,1,1073741824,1,1
"KERNEL_DISPATCH",4,1,15,"statevec_controlledNotKernel",217,35897153253321,35897185214933,0,0,128,1,1,1073741824,1,1
"KERNEL_DISPATCH",4,1,48,"statevec_controlledCompactUnitaryKernel",218,35897185214952,35897228250968,0,0,128,1,1,536870912,1,1
"KERNEL_DISPATCH",4,1,15,"statevec_controlledNotKernel",219,35897228250968,35897260176420,0,0,128,1,1,1073741824,1,1
"KERNEL_DISPATCH",4,1,15,"statevec_controlledNotKernel",220,35897260176420,35897284247789,0,0,128,1,1,1073741824,1,1
"KERNEL_DISPATCH",4,1,48,"statevec_controlledCompactUnitaryKernel",221,35897284247804,35897327311981,0,0,128,1,1,536870912,1,1
"KERNEL_DISPATCH",4,1,15,"statevec_controlledNotKernel",222,35897327311981,35897351420790,0,0,128,1,1,1073741824,1,1
"KERNEL_DISPATCH",4,1,15,"statevec_controlledNotKernel",223,35897351420790,35897376799360,0,0,128,1,1,1073741824,1,1
"KERNEL_DISPATCH",4,1,48,"statevec_controlledCompactUnitaryKernel",224,35897376799340,35897419843996,0,0,128,1,1,536870912,1,1
"KERNEL_DISPATCH",4,1,15,"statevec_controlledNotKernel",225,35897419843996,35897445226885,0,0,128,1,1,1073741824,1,1
"KERNEL_DISPATCH",4,1,15,"statevec_controlledNotKernel",226,35897445226885,35897464633773,0,0,128,1,1,1073741824,1,1
"KERNEL_DISPATCH",4,1,48,"statevec_controlledCompactUnitaryKernel",227,35897464633723,35897507689739,0,0,128,1,1,536870912,1,1
"KERNEL_DISPATCH",4,1,15,"statevec_controlledNotKernel",228,35897507689739,35897527102706,0,0,128,1,1,1073741824,1,1
"KERNEL_DISPATCH",4,1,15,"statevec_controlledNotKernel",229,35897527102706,35897545525273,0,0,128,1,1,1073741824,1,1
"KERNEL_DISPATCH",4,1,48,"statevec_controlledCompactUnitaryKernel",230,35897545525291,35897588548507,0,0,128,1,1,536870912,1,1
"KERNEL_DISPATCH",4,1,15,"statevec_controlledNotKernel",231,35897588548507,35897606969474,0,0,128,1,1,1073741824,1,1
"KERNEL_DISPATCH",4,1,15,"statevec_controlledNotKernel",232,35897606969474,35897626923081,0,0,128,1,1,1073741824,1,1
"KERNEL_DISPATCH",4,1,48,"statevec_controlledCompactUnitaryKernel",233,35897626923157,35897669991494,0,0,128,1,1,536870912,1,1
"KERNEL_DISPATCH",4,1,15,"statevec_controlledNotKernel",234,35897669991494,35897689957581,0,0,128,1,1,1073741824,1,1
"KERNEL_DISPATCH",4,1,15,"statevec_controlledNotKernel",235,35897689957581,35897708327029,0,0,128,1,1,1073741824,1,1
"KERNEL_DISPATCH",4,1,48,"statevec_controlledCompactUnitaryKernel",236,35897708327011,35897751373107,0,0,128,1,1,536870912,1,1
"KERNEL_DISPATCH",4,1,15,"statevec_controlledNotKernel",237,35897751373107,35897769752794,0,0,128,1,1,1073741824,1,1
"KERNEL_DISPATCH",4,1,15,"statevec_controlledNotKernel",238,35897769752794,35897788559361,0,0,128,1,1,1073741824,1,1
"KERNEL_DISPATCH",4,1,48,"statevec_controlledCompactUnitaryKernel",239,35897788559372,35897831588509,0,0,128,1,1,536870912,1,1
"KERNEL_DISPATCH",4,1,15,"statevec_controlledNotKernel",240,35897831588509,35897850407876,0,0,128,1,1,1073741824,1,1
"KERNEL_DISPATCH",4,1,15,"statevec_controlledNotKernel",241,35897850407876,35897872526125,0,0,128,1,1,1073741824,1,1
"KERNEL_DISPATCH",4,1,48,"statevec_controlledCompactUnitaryKernel",242,35897872526038,35897915535814,0,0,128,1,1,536870912,1,1
"KERNEL_DISPATCH",4,1,15,"statevec_controlledNotKernel",243,35897915535814,35897937666542,0,0,128,1,1,1073741824,1,1
"KERNEL_DISPATCH",4,1,15,"statevec_controlledNotKernel",244,35897937666542,35897960114711,0,0,128,1,1,1073741824,1,1
"KERNEL_DISPATCH",4,1,48,"statevec_controlledCompactUnitaryKernel",245,35897960114847,35898003160304,0,0,128,1,1,536870912,1,1
"KERNEL_DISPATCH",4,1,15,"statevec_controlledNotKernel",246,35898003160304,35898025620792,0,0,128,1,1,1073741824,1,1
"KERNEL_DISPATCH",4,1,15,"statevec_controlledNotKernel",247,35898025620792,35898047895201,0,0,128,1,1,1073741824,1,1
"KERNEL_DISPATCH",4,1,48,"statevec_controlledCompactUnitaryKernel",248,35898047895219,35898090956676,0,0,128,1,1,536870912,1,1
"KERNEL_DISPATCH",4,1,15,"statevec_controlledNotKernel",249,35898090956676,35898113227564,0,0,128,1,1,1073741824,1,1
"KERNEL_DISPATCH",4,1,15,"statevec_controlledNotKernel",250,35898113227564,35898135304213,0,0,128,1,1,1073741824,1,1
"KERNEL_DISPATCH",4,1,48,"statevec_controlledCompactUnitaryKernel",251,35898135304220,35898178361197,0,0,128,1,1,536870912,1,1
"KERNEL_DISPATCH",4,1,15,"statevec_controlledNotKernel",252,35898178361197,35898200418485,0,0,128,1,1,1073741824,1,1
"KERNEL_DISPATCH",4,1,15,"statevec_controlledNotKernel",253,35898200418485,35898218746653,0,0,128,1,1,1073741824,1,1
"KERNEL_DISPATCH",4,1,48,"statevec_controlledCompactUnitaryKernel",254,35898218746652,35898261786349,0,0,128,1,1,536870912,1,1
"KERNEL_DISPATCH",4,1,15,"statevec_controlledNotKernel",255,35898261786349,35898280123156,0,0,128,1,1,1073741824,1,1
"KERNEL_DISPATCH",4,1,15,"statevec_controlledNotKernel",256,35898280123156,35898298465403,0,0,128,1,1,1073741824,1,1
"KERNEL_DISPATCH",4,1,48,"statevec_controlledCompactUnitaryKernel",257,35898298465298,35898341506914,0,0,128,1,1,536870912,1,1
"KERNEL_DISPATCH",4,1,15,"statevec_controlledNotKernel",258,35898341506914,35898359846441,0,0,128,1,1,1073741824,1,1
"KERNEL_DISPATCH",4,1,15,"statevec_controlledNotKernel",259,35898359846594,35898407756053,0,0,128,1,1,1073741824,1,1
"KERNEL_DISPATCH",4,1,48,"statevec_controlledCompactUnitaryKernel",260,35898407756053,35898450912550,0,0,128,1,1,536870912,1,1
"KERNEL_DISPATCH",4,1,15,"statevec_controlledNotKernel",261,35898450912458,35898498820797,0,0,128,1,1,1073741824,1,1
"KERNEL_DISPATCH",4,1,15,"statevec_controlledNotKernel",262,35898498820797,35898530866089,0,0,128,1,1,1073741824,1,1
"KERNEL_DISPATCH",4,1,48,"statevec_controlledCompactUnitaryKernel",263,35898530866068,35898574078885,0,0,128,1,1,536870912,1,1
"KERNEL_DISPATCH",4,1,15,"statevec_controlledNotKernel",264,35898574078885,35898606133617,0,0,128,1,1,1073741824,1,1
"KERNEL_DISPATCH",4,1,15,"statevec_controlledNotKernel",265,35898606133617,35898630367227,0,0,128,1,1,1073741824,1,1
"KERNEL_DISPATCH",4,1,48,"statevec_controlledCompactUnitaryKernel",266,35898630367297,35898673594994,0,0,128,1,1,536870912,1,1
"KERNEL_DISPATCH",4,1,15,"statevec_controlledNotKernel",267,35898673594994,35898697837883,0,0,128,1,1,1073741824,1,1
"KERNEL_DISPATCH",4,1,15,"statevec_controlledNotKernel",268,35898697837883,35898723293254,0,0,128,1,1,1073741824,1,1
"KERNEL_DISPATCH",4,1,48,"statevec_controlledCompactUnitaryKernel",269,35898723293304,35898766497641,0,0,128,1,1,536870912,1,1
"KERNEL_DISPATCH",4,1,15,"statevec_controlledNotKernel",270,35898766497641,35898791934291,0,0,128,1,1,1073741824,1,1
"KERNEL_DISPATCH",4,1,15,"statevec_controlledNotKernel",271,35898791934291,35898811403259,0,0,128,1,1,1073741824,1,1
"KERNEL_DISPATCH",4,1,48,"statevec_controlledCompactUnitaryKernel",272,35898811403475,35898854691013,0,0,128,1,1,536870912,1,1
"KERNEL_DISPATCH",4,1,15,"statevec_controlledNotKernel",273,35898854691013,35898874155021,0,0,128,1,1,1073741824,1,1
"KERNEL_DISPATCH",4,1,15,"statevec_controlledNotKernel",274,35898874155021,35898892617429,0,0,128,1,1,1073741824,1,1
"KERNEL_DISPATCH",4,1,48,"statevec_controlledCompactUnitaryKernel",275,35898892617262,35898935795839,0,0,128,1,1,536870912,1,1
"KERNEL_DISPATCH",4,1,15,"statevec_controlledNotKernel",276,35898935795839,35898954266726,0,0,128,1,1,1073741824,1,1
"KERNEL_DISPATCH",4,1,15,"statevec_controlledNotKernel",277,35898954266726,35898974564975,0,0,128,1,1,1073741824,1,1
"KERNEL_DISPATCH",4,1,48,"statevec_controlledCompactUnitaryKernel",278,35898974564989,35899017734127,0,0,128,1,1,536870912,1,1
"KERNEL_DISPATCH",4,1,15,"statevec_controlledNotKernel",279,35899017734127,35899038017815,0,0,128,1,1,1073741824,1,1
"KERNEL_DISPATCH",4,1,15,"statevec_controlledNotKernel",280,35899038017815,35899056365183,0,0,128,1,1,1073741824,1,1
"KERNEL_DISPATCH",4,1,48,"statevec_controlledCompactUnitaryKernel",281,35899056365120,35899099553617,0,0,128,1,1,536870912,1,1
"KERNEL_DISPATCH",4,1,15,"statevec_controlledNotKernel",282,35899099553617,35899117908824,0,0,128,1,1,1073741824,1,1
"KERNEL_DISPATCH",4,1,15,"statevec_controlledNotKernel",283,35899117908824,35899136899232,0,0,128,1,1,1073741824,1,1
"KERNEL_DISPATCH",4,1,48,"statevec_controlledCompactUnitaryKernel",284,35899136899337,35899180129115,0,0,128,1,1,536870912,1,1
"KERNEL_DISPATCH",4,1,15,"statevec_controlledNotKernel",285,35899180129115,35899199132482,0,0,128,1,1,1073741824,1,1
"KERNEL_DISPATCH",4,1,15,"statevec_controlledNotKernel",286,35899199132482,35899221359372,0,0,128,1,1,1073741824,1,1
"KERNEL_DISPATCH",4,1,48,"statevec_controlledCompactUnitaryKernel",287,35899221359527,35899264551865,0,0,128,1,1,536870912,1,1
"KERNEL_DISPATCH",4,1,15,"statevec_controlledNotKernel",288,35899264551865,35899286796674,0,0,128,1,1,1073741824,1,1
"KERNEL_DISPATCH",4,1,15,"statevec_controlledNotKernel",289,35899286796674,35899309379884,0,0,128,1,1,1073741824,1,1
"KERNEL_DISPATCH",4,1,48,"statevec_controlledCompactUnitaryKernel",290,35899309379732,35899352542950,0,0,128,1,1,536870912,1,1
"KERNEL_DISPATCH",4,1,15,"statevec_controlledNotKernel",291,35899352542950,35899375052879,0,0,128,1,1,1073741824,1,1
"KERNEL_DISPATCH",4,1,15,"statevec_controlledNotKernel",292,35899375052879,35899397429688,0,0,128,1,1,1073741824,1,1
"KERNEL_DISPATCH",4,1,48,"statevec_controlledCompactUnitaryKernel",293,35899397429664,35899440566642,0,0,128,1,1,536870912,1,1
"KERNEL_DISPATCH",4,1,15,"statevec_controlledNotKernel",294,35899440566642,35899462986491,0,0,128,1,1,1073741824,1,1
"KERNEL_DISPATCH",4,1,15,"statevec_controlledNotKernel",295,35899462986491,35899485173060,0,0,128,1,1,1073741824,1,1
"KERNEL_DISPATCH",4,1,48,"statevec_controlledCompactUnitaryKernel",296,35899485173083,35899528404301,0,0,128,1,1,536870912,1,1
"KERNEL_DISPATCH",4,1,15,"statevec_controlledNotKernel",297,35899528404301,35899550632950,0,0,128,1,1,1073741824,1,1
"KERNEL_DISPATCH",4,1,15,"statevec_controlledNotKernel",298,35899550632950,35899569145758,0,0,128,1,1,1073741824,1,1
"KERNEL_DISPATCH",4,1,48,"statevec_controlledCompactUnitaryKernel",299,35899569145914,35899612376492,0,0,128,1,1,536870912,1,1
"KERNEL_DISPATCH",4,1,15,"statevec_controlledNotKernel",300,35899612376492,35899630899060,0,0,128,1,1,1073741824,1,1
"KERNEL_DISPATCH",4,1,15,"statevec_controlledNotKernel",301,35899630899060,35899650008668,0,0,128,1,1,1073741824,1,1
"KERNEL_DISPATCH",4,1,48,"statevec_controlledCompactUnitaryKernel",302,35899650008575,35899693186513,0,0,128,1,1,536870912,1,1
"KERNEL_DISPATCH",4,1,15,"statevec_controlledNotKernel",303,35899693186513,35899712246201,0,0,128,1,1,1073741824,1,1
"KERNEL_DISPATCH",4,1,15,"statevec_controlledNotKernel",304,35899712246109,35899760064049,0,0,128,1,1,1073741824,1,1
"KERNEL_DISPATCH",4,1,48,"statevec_controlledCompactUnitaryKernel",305,35899760064049,35899803204867,0,0,128,1,1,536870912,1,1
"KERNEL_DISPATCH",4,1,15,"statevec_controlledNotKernel",306,35899803204981,35899851009641,0,0,128,1,1,1073741824,1,1
"KERNEL_DISPATCH",4,1,15,"statevec_controlledNotKernel",307,35899851009641,35899883102454,0,0,128,1,1,1073741824,1,1
"KERNEL_DISPATCH",4,1,48,"statevec_controlledCompactUnitaryKernel",308,35899883102386,35899926298724,0,0,128,1,1,536870912,1,1
"KERNEL_DISPATCH",4,1,15,"statevec_controlledNotKernel",309,35899926298724,35899958389777,0,0,128,1,1,1073741824,1,1
"KERNEL_DISPATCH",4,1,15,"statevec_controlledNotKernel",310,35899958389777,35899982557147,0,0,128,1,1,1073741824,1,1
"KERNEL_DISPATCH",4,1,48,"statevec_controlledCompactUnitaryKernel",311,35899982557212,35900025704750,0,0,128,1,1,536870912,1,1
"KERNEL_DISPATCH",4,1,15,"statevec_controlledNotKernel",312,35900025704750,35900049846680,0,0,128,1,1,1073741824,1,1
"KERNEL_DISPATCH",4,1,15,"statevec_controlledNotKernel",313,35900049846680,35900075243171,0,0,128,1,1,1073741824,1,1
"KERNEL_DISPATCH",4,1,48,"statevec_controlledCompactUnitaryKernel",314,35900075243225,35900118393643,0,0,128,1,1,536870912,1,1
"KERNEL_DISPATCH",4,1,15,"statevec_controlledNotKernel",315,35900118393643,35900143755414,0,0,128,1,1,1073741824,1,1
"KERNEL_DISPATCH",4,1,15,"statevec_controlledNotKernel",316,35900143755414,35900163219742,0,0,128,1,1,1073741824,1,1
"KERNEL_DISPATCH",4,1,48,"statevec_controlledCompactUnitaryKernel",317,35900163219736,35900206386154,0,0,128,1,1,536870912,1,1
"KERNEL_DISPATCH",4,1,15,"statevec_controlledNotKernel",318,35900206386154,35900225856562,0,0,128,1,1,1073741824,1,1
"KERNEL_DISPATCH",4,1,15,"statevec_controlledNotKernel",319,35900225856562,35900244306490,0,0,128,1,1,1073741824,1,1
"KERNEL_DISPATCH",4,1,48,"statevec_controlledCompactUnitaryKernel",320,35900244306570,35900287491869,0,0,128,1,1,536870912,1,1
"KERNEL_DISPATCH",4,1,15,"statevec_controlledNotKernel",321,35900287491869,35900305933957,0,0,128,1,1,1073741824,1,1
"KERNEL_DISPATCH",4,1,15,"statevec_controlledNotKernel",322,35900305933957,35900326239086,0,0,128,1,1,1073741824,1,1
"KERNEL_DISPATCH",4,1,48,"statevec_controlledCompactUnitaryKernel",323,35900326239215,35900369370114,0,0,128,1,1,536870912,1,1
"KERNEL_DISPATCH",4,1,15,"statevec_controlledNotKernel",324,35900369370114,35900389689003,0,0,128,1,1,1073741824,1,1
"KERNEL_DISPATCH",4,1,15,"statevec_controlledNotKernel",325,35900389689003,35900408022931,0,0,128,1,1,1073741824,1,1
"KERNEL_DISPATCH",4,1,48,"statevec_controlledCompactUnitaryKernel",326,35900408022716,35900451160014,0,0,128,1,1,536870912,1,1
"KERNEL_DISPATCH",4,1,15,"statevec_controlledNotKernel",327,35900451160014,35900469493461,0,0,128,1,1,1073741824,1,1
"KERNEL_DISPATCH",4,1,15,"statevec_controlledNotKernel",328,35900469493461,35900487628669,0,0,128,1,1,1073741824,1,1
"KERNEL_DISPATCH",4,1,48,"statevec_controlledCompactUnitaryKernel",329,35900487628789,35900530795848,0,0,128,1,1,536870912,1,1
"KERNEL_DISPATCH",4,1,15,"statevec_controlledNotKernel",330,35900530795848,35900548945296,0,0,128,1,1,1073741824,1,1
"KERNEL_DISPATCH",4,1,15,"statevec_controlledNotKernel",331,35900548945296,35900571192825,0,0,128,1,1,1073741824,1,1
"KERNEL_DISPATCH",4,1,48,"statevec_controlledCompactUnitaryKernel",332,35900571192897,35900614330996,0,0,128,1,1,536870912,1,1
"KERNEL_DISPATCH",4,1,15,"statevec_controlledNotKernel",333,35900614330996,35900636583326,0,0,128,1,1,1073741824,1,1
"KERNEL_DISPATCH",4,1,15,"statevec_controlledNotKernel",334,35900636583326,35900659363656,0,0,128,1,1,1073741824,1,1
"KERNEL_DISPATCH",4,1,48,"statevec_controlledCompactUnitaryKernel",335,35900659363511,35900702528649,0,0,128,1,1,536870912,1,1
"KERNEL_DISPATCH",4,1,15,"statevec_controlledNotKernel",336,35900702528649,35900725224818,0,0,128,1,1,1073741824,1,1
"KERNEL_DISPATCH",4,1,15,"statevec_controlledNotKernel",337,35900725224818,35900747641148,0,0,128,1,1,1073741824,1,1
"KERNEL_DISPATCH",4,1,48,"statevec_controlledCompactUnitaryKernel",338,35900747641409,35900790789589,0,0,128,1,1,536870912,1,1
"KERNEL_DISPATCH",4,1,15,"statevec_controlledNotKernel",339,35900790789589,35900813211519,0,0,128,1,1,1073741824,1,1
"KERNEL_DISPATCH",4,1,15,"statevec_controlledNotKernel",340,35900813211519,35900835479849,0,0,128,1,1,1073741824,1,1
"KERNEL_DISPATCH",4,1,48,"statevec_controlledCompactUnitaryKernel",341,35900835479826,35900878626085,0,0,128,1,1,536870912,1,1
"KERNEL_DISPATCH",4,1,15,"statevec_controlledNotKernel",342,35900878626085,35900900861935,0,0,128,1,1,1073741824,1,1
"KERNEL_DISPATCH",4,1,15,"statevec_controlledNotKernel",343,35900900861935,35900919222103,0,0,128,1,1,1073741824,1,1
"KERNEL_DISPATCH",4,1,48,"statevec_controlledCompactUnitaryKernel",344,35900919222065,35900962367844,0,0,128,1,1,536870912,1,1
"KERNEL_DISPATCH",4,1,15,"statevec_controlledNotKernel",345,35900962367844,35900980729132,0,0,128,1,1,1073741824,1,1
"KERNEL_DISPATCH",4,1,15,"statevec_controlledNotKernel",346,35900980729132,35900999608980,0,0,128,1,1,1073741824,1,1
"KERNEL_DISPATCH",4,1,48,"statevec_controlledCompactUnitaryKernel",347,35900999609029,35901042802168,0,0,128,1,1,536870912,1,1
"KERNEL_DISPATCH",4,1,15,"statevec_controlledNotKernel",348,35901042802168,35901061660096,0,0,128,1,1,1073741824,1,1
"KERNEL_DISPATCH",4,1,15,"statevec_controlledNotKernel",349,35901061660047,35901109770309,0,0,128,1,1,1073741824,1,1
"KERNEL_DISPATCH",4,1,48,"statevec_controlledCompactUnitaryKernel",350,35901109770309,35901153108248,0,0,128,1,1,536870912,1,1
"KERNEL_DISPATCH",4,1,15,"statevec_controlledNotKernel",351,35901153108171,35901201206112,0,0,128,1,1,1073741824,1,1
"KERNEL_DISPATCH",4,1,15,"statevec_controlledNotKernel",352,35901201206112,35901233433966,0,0,128,1,1,1073741824,1,1
"KERNEL_DISPATCH",4,1,48,"statevec_controlledCompactUnitaryKernel",353,35901233434157,35901276926177,0,0,128,1,1,536870912,1,1
"KERNEL_DISPATCH",4,1,15,"statevec_controlledNotKernel",354,35901276926177,35901309176112,0,0,128,1,1,1073741824,1,1
"KERNEL_DISPATCH",4,1,15,"statevec_controlledNotKernel",355,35901309176112,35901333435003,0,0,128,1,1,1073741824,1,1
"KERNEL_DISPATCH",4,1,48,"statevec_controlledCompactUnitaryKernel",356,35901333434841,35901376828300,0,0,128,1,1,536870912,1,1
"KERNEL_DISPATCH",4,1,15,"statevec_controlledNotKernel",357,35901376828300,35901401155990,0,0,128,1,1,1073741824,1,1
"KERNEL_DISPATCH",4,1,15,"statevec_controlledNotKernel",358,35901401155990,35901426658242,0,0,128,1,1,1073741824,1,1
"KERNEL_DISPATCH",4,1,48,"statevec_controlledCompactUnitaryKernel",359,35901426658272,35901469986291,0,0,128,1,1,536870912,1,1
"KERNEL_DISPATCH",4,1,15,"statevec_controlledNotKernel",360,35901469986291,35901495520862,0,0,128,1,1,1073741824,1,1
"KERNEL_DISPATCH",4,1,15,"statevec_controlledNotKernel",361,35901495520862,35901515038791,0,0,128,1,1,1073741824,1,1
"KERNEL_DISPATCH",4,1,48,"statevec_controlledCompactUnitaryKernel",362,35901515038924,35901558338464,0,0,128,1,1,536870912,1,1
"KERNEL_DISPATCH",4,1,15,"statevec_controlledNotKernel",363,35901558338464,35901577865673,0,0,128,1,1,1073741824,1,1
"KERNEL_DISPATCH",4,1,15,"statevec_controlledNotKernel",364,35901577865673,35901596399921,0,0,128,1,1,1073741824,1,1
"KERNEL_DISPATCH",4,1,48,"statevec_controlledCompactUnitaryKernel",365,35901596399829,35901639711688,0,0,128,1,1,536870912,1,1
"KERNEL_DISPATCH",4,1,15,"statevec_controlledNotKernel",366,35901639711688,35901658244176,0,0,128,1,1,1073741824,1,1
"KERNEL_DISPATCH",4,1,15,"statevec_controlledNotKernel",367,35901658244176,35901678610265,0,0,128,1,1,1073741824,1,1
"KERNEL_DISPATCH",4,1,48,"statevec_controlledCompactUnitaryKernel",368,35901678610372,35901721884792,0,0,128,1,1,536870912,1,1
"KERNEL_DISPATCH",4,1,15,"statevec_controlledNotKernel",369,35901721884792,35901742256481,0,0,128,1,1,1073741824,1,1
"KERNEL_DISPATCH",4,1,15,"statevec_controlledNotKernel",370,35901742256481,35901760757610,0,0,128,1,1,1073741824,1,1
"KERNEL_DISPATCH",4,1,48,"statevec_controlledCompactUnitaryKernel",371,35901760757673,35901804043453,0,0,128,1,1,536870912,1,1
"KERNEL_DISPATCH",4,1,15,"statevec_controlledNotKernel",372,35901804043453,35901822582181,0,0,128,1,1,1073741824,1,1
"KERNEL_DISPATCH",4,1,15,"statevec_controlledNotKernel",373,35901822582181,35901841314190,0,0,128,1,1,1073741824,1,1
"KERNEL_DISPATCH",4,1,48,"statevec_controlledCompactUnitaryKernel",374,35901841314112,35901884608212,0,0,128,1,1,536870912,1,1
"KERNEL_DISPATCH",4,1,15,"statevec_controlledNotKernel",375,35901884608212,35901903358140,0,0,128,1,1,1073741824,1,1
"KERNEL_DISPATCH",4,1,15,"statevec_controlledNotKernel",376,35901903358140,35901925688551,0,0,128,1,1,1073741824,1,1
"KERNEL_DISPATCH",4,1,48,"statevec_controlledCompactUnitaryKernel",377,35901925688646,35901969047226,0,0,128,1,1,536870912,1,1
"KERNEL_DISPATCH",4,1,15,"statevec_controlledNotKernel",378,35901969047226,35901991371236,0,0,128,1,1,1073741824,1,1
"KERNEL_DISPATCH",4,1,15,"statevec_controlledNotKernel",379,35901991371236,35902013966607,0,0,128,1,1,1073741824,1,1
"KERNEL_DISPATCH",4,1,48,"statevec_controlledCompactUnitaryKernel",380,35902013966646,35902057296266,0,0,128,1,1,536870912,1,1
"KERNEL_DISPATCH",4,1,15,"statevec_controlledNotKernel",381,35902057296266,35902079873716,0,0,128,1,1,1073741824,1,1
"KERNEL_DISPATCH",4,1,15,"statevec_controlledNotKernel",382,35902079873716,35902102353407,0,0,128,1,1,1073741824,1,1
"KERNEL_DISPATCH",4,1,48,"statevec_controlledCompactUnitaryKernel",383,35902102353554,35902145662535,0,0,128,1,1,536870912,1,1
"KERNEL_DISPATCH",4,1,15,"statevec_controlledNotKernel",384,35902145662535,35902168141585,0,0,128,1,1,1073741824,1,1
"KERNEL_DISPATCH",4,1,15,"statevec_controlledNotKernel",385,35902168141585,35902190439996,0,0,128,1,1,1073741824,1,1
"KERNEL_DISPATCH",4,1,48,"statevec_controlledCompactUnitaryKernel",386,35902190440049,35902233750790,0,0,128,1,1,536870912,1,1
"KERNEL_DISPATCH",4,1,15,"statevec_controlledNotKernel",387,35902233750790,35902256051760,0,0,128,1,1,1073741824,1,1
"KERNEL_DISPATCH",4,1,15,"statevec_controlledNotKernel",388,35902256051760,35902274656730,0,0,128,1,1,1073741824,1,1
"KERNEL_DISPATCH",4,1,48,"statevec_controlledCompactUnitaryKernel",389,35902274656654,35902317972035,0,0,128,1,1,536870912,1,1
"KERNEL_DISPATCH",4,1,15,"statevec_controlledNotKernel",390,35902317972035,35902336560524,0,0,128,1,1,1073741824,1,1
"KERNEL_DISPATCH",4,1,15,"statevec_controlledNotKernel",391,35902336560524,35902355786453,0,0,128,1,1,1073741824,1,1
"KERNEL_DISPATCH",4,1,48,"statevec_controlledCompactUnitaryKernel",392,35902355786405,35902399187706,0,0,128,1,1,536870912,1,1
"KERNEL_DISPATCH",4,1,15,"statevec_controlledNotKernel",393,35902399187706,35902418412515,0,0,128,1,1,1073741824,1,1
"KERNEL_DISPATCH",4,1,15,"statevec_controlledNotKernel",394,35902418412629,35902466518732,0,0,128,1,1,1073741824,1,1
"KERNEL_DISPATCH",4,1,48,"statevec_controlledCompactUnitaryKernel",395,35902466518732,35902509868033,0,0,128,1,1,536870912,1,1
"KERNEL_DISPATCH",4,1,15,"statevec_controlledNotKernel",396,35902509867905,35902557992568,0,0,128,1,1,1073741824,1,1
"KERNEL_DISPATCH",4,1,15,"statevec_controlledNotKernel",397,35902557992568,35902590283463,0,0,128,1,1,1073741824,1,1
"KERNEL_DISPATCH",4,1,48,"statevec_controlledCompactUnitaryKernel",398,35902590283537,35902633542438,0,0,128,1,1,536870912,1,1
"KERNEL_DISPATCH",4,1,15,"statevec_controlledNotKernel",399,35902633542438,35902665853813,0,0,128,1,1,1073741824,1,1
"KERNEL_DISPATCH",4,1,15,"statevec_controlledNotKernel",400,35902665853813,35902690150625,0,0,128,1,1,1073741824,1,1
"KERNEL_DISPATCH",4,1,48,"statevec_controlledCompactUnitaryKernel",401,35902690150713,35902733548814,0,0,128,1,1,536870912,1,1
"KERNEL_DISPATCH",4,1,15,"statevec_controlledNotKernel",402,35902733548814,35902757892986,0,0,128,1,1,1073741824,1,1
"KERNEL_DISPATCH",4,1,15,"statevec_controlledNotKernel",403,35902757892986,35902783449478,0,0,128,1,1,1073741824,1,1
"KERNEL_DISPATCH",4,1,48,"statevec_controlledCompactUnitaryKernel",404,35902783449419,35902826880160,0,0,128,1,1,536870912,1,1
"KERNEL_DISPATCH",4,1,15,"statevec_controlledNotKernel",405,35902826880160,35902852423532,0,0,128,1,1,1073741824,1,1
"KERNEL_DISPATCH",4,1,15,"statevec_controlledNotKernel",406,35902852423532,35902871977462,0,0,128,1,1,1073741824,1,1
"KERNEL_DISPATCH",4,1,48,"statevec_controlledCompactUnitaryKernel",407,35902871977561,35902915336942,0,0,128,1,1,536870912,1,1
"KERNEL_DISPATCH",4,1,15,"statevec_controlledNotKernel",408,35902915336942,35902934895671,0,0,128,1,1,1073741824,1,1
"KERNEL_DISPATCH",4,1,15,"statevec_controlledNotKernel",409,35902934895671,35902953454560,0,0,128,1,1,1073741824,1,1
"KERNEL_DISPATCH",4,1,48,"statevec_controlledCompactUnitaryKernel",410,35902953454570,35902996812191,0,0,128,1,1,536870912,1,1
"KERNEL_DISPATCH",4,1,15,"statevec_controlledNotKernel",411,35902996812191,35903015372360,0,0,128,1,1,1073741824,1,1
"KERNEL_DISPATCH",4,1,15,"statevec_controlledNotKernel",412,35903015372360,35903035793010,0,0,128,1,1,1073741824,1,1
"KERNEL_DISPATCH",4,1,48,"statevec_controlledCompactUnitaryKernel",413,35903035793036,35903079118817,0,0,128,1,1,536870912,1,1
"KERNEL_DISPATCH",4,1,15,"statevec_controlledNotKernel",414,35903079118817,35903099533227,0,0,128,1,1,1073741824,1,1
"KERNEL_DISPATCH",4,1,15,"statevec_controlledNotKernel",415,35903099533227,35903118078356,0,0,128,1,1,1073741824,1,1
"KERNEL_DISPATCH",4,1,48,"statevec_controlledCompactUnitaryKernel",416,35903118078485,35903161374507,0,0,128,1,1,536870912,1,1
"KERNEL_DISPATCH",4,1,15,"statevec_controlledNotKernel",417,35903161374507,35903179892116,0,0,128,1,1,1073741824,1,1
"KERNEL_DISPATCH",4,1,15,"statevec_controlledNotKernel",418,35903179892116,35903198650206,0,0,128,1,1,1073741824,1,1
"KERNEL_DISPATCH",4,1,48,"statevec_controlledCompactUnitaryKernel",419,35903198650363,35903242016945,0,0,128,1,1,536870912,1,1
"KERNEL_DISPATCH",4,1,15,"statevec_controlledNotKernel",420,35903242016945,35903260766714,0,0,128,1,1,1073741824,1,1
"KERNEL_DISPATCH",4,1,15,"statevec_controlledNotKernel",421,35903260766714,35903283083046,0,0,128,1,1,1073741824,1,1
"KERNEL_DISPATCH",4,1,48,"statevec_controlledCompactUnitaryKernel",422,35903283082859,35903326396001,0,0,128,1,1,536870912,1,1
"KERNEL_DISPATCH",4,1,15,"statevec_controlledNotKernel",423,35903326396001,35903348728492,0,0,128,1,1,1073741824,1,1
"KERNEL_DISPATCH",4,1,15,"statevec_controlledNotKernel",424,35903348728492,35903371300183,0,0,128,1,1,1073741824,1,1
"KERNEL_DISPATCH",4,1,48,"statevec_controlledCompactUnitaryKernel",425,35903371300253,35903414646035,0,0,128,1,1,536870912,1,1
"KERNEL_DISPATCH",4,1,15,"statevec_controlledNotKernel",426,35903414646035,35903437274686,0,0,128,1,1,1073741824,1,1
"KERNEL_DISPATCH",4,1,15,"statevec_controlledNotKernel",427,35903437274686,35903459755978,0,0,128,1,1,1073741824,1,1
"KERNEL_DISPATCH",4,1,48,"statevec_controlledCompactUnitaryKernel",428,35903459755914,35903503140576,0,0,128,1,1,536870912,1,1
"KERNEL_DISPATCH",4,1,15,"statevec_controlledNotKernel",429,35903503140576,35903525622667,0,0,128,1,1,1073741824,1,1
"KERNEL_DISPATCH",4,1,15,"statevec_controlledNotKernel",430,35903525622667,35903547950358,0,0,128,1,1,1073741824,1,1
"KERNEL_DISPATCH",4,1,48,"statevec_controlledCompactUnitaryKernel",431,35903547950494,35903591300116,0,0,128,1,1,536870912,1,1
"KERNEL_DISPATCH",4,1,15,"statevec_controlledNotKernel",432,35903591300116,35903613608607,0,0,128,1,1,1073741824,1,1
"KERNEL_DISPATCH",4,1,15,"statevec_controlledNotKernel",433,35903613608607,35903632250217,0,0,128,1,1,1073741824,1,1
"KERNEL_DISPATCH",4,1,48,"statevec_controlledCompactUnitaryKernel",434,35903632250175,35903675683477,0,0,128,1,1,536870912,1,1
"KERNEL_DISPATCH",4,1,15,"statevec_controlledNotKernel",435,35903675683477,35903694318526,0,0,128,1,1,1073741824,1,1
"KERNEL_DISPATCH",4,1,15,"statevec_controlledNotKernel",436,35903694318526,35903713548616,0,0,128,1,1,1073741824,1,1
"KERNEL_DISPATCH",4,1,48,"statevec_controlledCompactUnitaryKernel",437,35903713548652,35903756883714,0,0,128,1,1,536870912,1,1
"KERNEL_DISPATCH",4,1,15,"statevec_controlledNotKernel",438,35903756883714,35903776097483,0,0,128,1,1,1073741824,1,1
"KERNEL_DISPATCH",4,1,15,"statevec_controlledNotKernel",439,35903776097473,35903824200857,0,0,128,1,1,1073741824,1,1
"KERNEL_DISPATCH",4,1,48,"statevec_controlledCompactUnitaryKernel",440,35903824200857,35903867592719,0,0,128,1,1,536870912,1,1
"KERNEL_DISPATCH",4,1,15,"statevec_controlledNotKernel",441,35903867592879,35903915694344,0,0,128,1,1,1073741824,1,1
"KERNEL_DISPATCH",4,1,15,"statevec_controlledNotKernel",442,35903915694344,35903948004121,0,0,128,1,1,1073741824,1,1
"KERNEL_DISPATCH",4,1,48,"statevec_controlledCompactUnitaryKernel",443,35903948004203,35903991325506,0,0,128,1,1,536870912,1,1
"KERNEL_DISPATCH",4,1,15,"statevec_controlledNotKernel",444,35903991325506,35904023614323,0,0,128,1,1,1073741824,1,1
"KERNEL_DISPATCH",4,1,15,"statevec_controlledNotKernel",445,35904023614323,35904047929856,0,0,128,1,1,1073741824,1,1
"KERNEL_DISPATCH",4,1,48,"statevec_controlledCompactUnitaryKernel",446,35904047929812,35904091300875,0,0,128,1,1,536870912,1,1
"KERNEL_DISPATCH",4,1,15,"statevec_controlledNotKernel",447,35904091300875,35904115644887,0,0,128,1,1,1073741824,1,1
"KERNEL_DISPATCH",4,1,15,"statevec_controlledNotKernel",448,35904115644887,35904141170341,0,0,128,1,1,1073741824,1,1
"KERNEL_DISPATCH",4,1,48,"statevec_controlledCompactUnitaryKernel",449,35904141170334,35904184563157,0,0,128,1,1,536870912,1,1
"KERNEL_DISPATCH",4,1,15,"statevec_controlledNotKernel",450,35904184563157,35904210078050,0,0,128,1,1,1073741824,1,1
"KERNEL_DISPATCH",4,1,15,"statevec_controlledNotKernel",451,35904210078050,35904229625900,0,0,128,1,1,1073741824,1,1
"KERNEL_DISPATCH",4,1,48,"statevec_controlledCompactUnitaryKernel",452,35904229625943,35904272928206,0,0,128,1,1,536870912,1,1
"KERNEL_DISPATCH",4,1,15,"statevec_controlledNotKernel",453,35904272928206,35904292498456,0,0,128,1,1,1073741824,1,1
"KERNEL_DISPATCH",4,1,15,"statevec_controlledNotKernel",454,35904292498456,35904311060066,0,0,128,1,1,1073741824,1,1
"KERNEL_DISPATCH",4,1,48,"statevec_controlledCompactUnitaryKernel",455,35904311060092,35904354367475,0,0,128,1,1,536870912,1,1
"KERNEL_DISPATCH",4,1,15,"statevec_controlledNotKernel",456,35904354367475,35904372931484,0,0,128,1,1,1073741824,1,1
"KERNEL_DISPATCH",4,1,15,"statevec_controlledNotKernel",457,35904372931484,35904393370535,0,0,128,1,1,1073741824,1,1
"KERNEL_DISPATCH",4,1,48,"statevec_controlledCompactUnitaryKernel",458,35904393370589,35904436736852,0,0,128,1,1,536870912,1,1
"KERNEL_DISPATCH",4,1,15,"statevec_controlledNotKernel",459,35904436736852,35904457168383,0,0,128,1,1,1073741824,1,1
"KERNEL_DISPATCH",4,1,15,"statevec_controlledNotKernel",460,35904457168383,35904475689673,0,0,128,1,1,1073741824,1,1
"KERNEL_DISPATCH",4,1,48,"statevec_controlledCompactUnitaryKernel",461,35904475689723,35904519018866,0,0,128,1,1,536870912,1,1
"KERNEL_DISPATCH",4,1,15,"statevec_controlledNotKernel",462,35904519018866,35904537549276,0,0,128,1,1,1073741824,1,1
"KERNEL_DISPATCH",4,1,15,"statevec_controlledNotKernel",463,35904537549276,35904556308486,0,0,128,1,1,1073741824,1,1
"KERNEL_DISPATCH",4,1,48,"statevec_controlledCompactUnitaryKernel",464,35904556308491,35904599652194,0,0,128,1,1,536870912,1,1
"KERNEL_DISPATCH",4,1,15,"statevec_controlledNotKernel",465,35904599652194,35904618433644,0,0,128,1,1,1073741824,1,1
"KERNEL_DISPATCH",4,1,15,"statevec_controlledNotKernel",466,35904618433644,35904640751736,0,0,128,1,1,1073741824,1,1
"KERNEL_DISPATCH",4,1,48,"statevec_controlledCompactUnitaryKernel",467,35904640751977,35904684006561,0,0,128,1,1,536870912,1,1
"KERNEL_DISPATCH",4,1,15,"statevec_controlledNotKernel",468,35904684006561,35904706326733,0,0,128,1,1,1073741824,1,1
"KERNEL_DISPATCH",4,1,15,"statevec_controlledNotKernel",469,35904706326733,35904728944506,0,0,128,1,1,1073741824,1,1
"KERNEL_DISPATCH",4,1,48,"statevec_controlledCompactUnitaryKernel",470,35904728944290,35904772209913,0,0,128,1,1,536870912,1,1
"KERNEL_DISPATCH",4,1,15,"statevec_controlledNotKernel",471,35904772209913,35904794805445,0,0,128,1,1,1073741824,1,1
"KERNEL_DISPATCH",4,1,15,"statevec_controlledNotKernel",472,35904794805445,35904817302577,0,0,128,1,1,1073741824,1,1
"KERNEL_DISPATCH",4,1,48,"statevec_controlledCompactUnitaryKernel",473,35904817302801,35904860604265,0,0,128,1,1,536870912,1,1
"KERNEL_DISPATCH",4,1,15,"statevec_controlledNotKernel",474,35904860604265,35904883071957,0,0,128,1,1,1073741824,1,1
"KERNEL_DISPATCH",4,1,15,"statevec_controlledNotKernel",475,35904883071957,35904905359810,0,0,128,1,1,1073741824,1,1
"KERNEL_DISPATCH",4,1,48,"statevec_controlledCompactUnitaryKernel",476,35904905359788,35904948747012,0,0,128,1,1,536870912,1,1
"KERNEL_DISPATCH",4,1,15,"statevec_controlledNotKernel",477,35904948747012,35904971018384,0,0,128,1,1,1073741824,1,1
"KERNEL_DISPATCH",4,1,15,"statevec_controlledNotKernel",478,35904971018384,35904989653594,0,0,128,1,1,1073741824,1,1
"KERNEL_DISPATCH",4,1,48,"statevec_controlledCompactUnitaryKernel",479,35904989653635,35905033021499,0,0,128,1,1,536870912,1,1
"KERNEL_DISPATCH",4,1,15,"statevec_controlledNotKernel",480,35905033021499,35905051647909,0,0,128,1,1,1073741824,1,1
"KERNEL_DISPATCH",4,1,15,"statevec_controlledNotKernel",481,35905051647909,35905070969680,0,0,128,1,1,1073741824,1,1
"KERNEL_DISPATCH",4,1,48,"statevec_controlledCompactUnitaryKernel",482,35905070969709,35905114280133,0,0,128,1,1,536870912,1,1
"KERNEL_DISPATCH",4,1,15,"statevec_controlledNotKernel",483,35905114280133,35905133509263,0,0,128,1,1,1073741824,1,1
"KERNEL_DISPATCH",4,1,15,"statevec_controlledNotKernel",484,35905133509178,35905181683124,0,0,128,1,1,1073741824,1,1
"KERNEL_DISPATCH",4,1,48,"statevec_controlledCompactUnitaryKernel",485,35905181683124,35905225072108,0,0,128,1,1,536870912,1,1
"KERNEL_DISPATCH",4,1,15,"statevec_controlledNotKernel",486,35905225072390,35905273239297,0,0,128,1,1,1073741824,1,1
"KERNEL_DISPATCH",4,1,15,"statevec_controlledNotKernel",487,35905273239297,35905305518675,0,0,128,1,1,1073741824,1,1
"KERNEL_DISPATCH",4,1,48,"statevec_controlledCompactUnitaryKernel",488,35905305518541,35905348874085,0,0,128,1,1,536870912,1,1
"KERNEL_DISPATCH",4,1,15,"statevec_controlledNotKernel",489,35905348874085,35905381128663,0,0,128,1,1,1073741824,1,1
"KERNEL_DISPATCH",4,1,15,"statevec_controlledNotKernel",490,35905381128663,35905405536837,0,0,128,1,1,1073741824,1,1
"KERNEL_DISPATCH",4,1,48,"statevec_controlledCompactUnitaryKernel",491,35905405536859,35905448847283,0,0,128,1,1,536870912,1,1
"KERNEL_DISPATCH",4,1,15,"statevec_controlledNotKernel",492,35905448847283,35905473271136,0,0,128,1,1,1073741824,1,1
"KERNEL_DISPATCH",4,1,15,"statevec_controlledNotKernel",493,35905473271136,35905498856911,0,0,128,1,1,1073741824,1,1
"KERNEL_DISPATCH",4,1,48,"statevec_controlledCompactUnitaryKernel",494,35905498857032,35905542283297,0,0,128,1,1,536870912,1,1
"KERNEL_DISPATCH",4,1,15,"statevec_controlledNotKernel",495,35905542283297,35905567881391,0,0,128,1,1,1073741824,1,1
"KERNEL_DISPATCH",4,1,15,"statevec_controlledNotKernel",496,35905567881391,35905587388763,0,0,128,1,1,1073741824,1,1
"KERNEL_DISPATCH",4,1,48,"statevec_controlledCompactUnitaryKernel",497,35905587388845,35905630729510,0,0,128,1,1,536870912,1,1
"KERNEL_DISPATCH",4,1,15,"statevec_controlledNotKernel",498,35905630729510,35905650232721,0,0,128,1,1,1073741824,1,1
"KERNEL_DISPATCH",4,1,15,"statevec_controlledNotKernel",499,35905650232721,35905668816572,0,0,128,1,1,1073741824,1,1
"KERNEL_DISPATCH",4,1,48,"statevec_controlledCompactUnitaryKernel",500,35905668816634,35905712274419,0,0,128,1,1,536870912,1,1
"KERNEL_DISPATCH",4,1,15,"statevec_controlledNotKernel",501,35905712274419,35905730871869,0,0,128,1,1,1073741824,1,1
"KERNEL_DISPATCH",4,1,15,"statevec_controlledNotKernel",502,35905730871869,35905751301161,0,0,128,1,1,1073741824,1,1
"KERNEL_DISPATCH",4,1,48,"statevec_controlledCompactUnitaryKernel",503,35905751301121,35905794727866,0,0,128,1,1,536870912,1,1
"KERNEL_DISPATCH",4,1,15,"statevec_controlledNotKernel",504,35905794727866,35905815158597,0,0,128,1,1,1073741824,1,1
"KERNEL_DISPATCH",4,1,15,"statevec_controlledNotKernel",505,35905815158597,35905833716848,0,0,128,1,1,1073741824,1,1
"KERNEL_DISPATCH",4,1,48,"statevec_controlledCompactUnitaryKernel",506,35905833716782,35905877110247,0,0,128,1,1,536870912,1,1
"KERNEL_DISPATCH",4,1,15,"statevec_controlledNotKernel",507,35905877110247,35905895674097,0,0,128,1,1,1073741824,1,1
"KERNEL_DISPATCH",4,1,15,"statevec_controlledNotKernel",508,35905895674097,35905914448348,0,0,128,1,1,1073741824,1,1
"KERNEL_DISPATCH",4,1,48,"statevec_controlledCompactUnitaryKernel",509,35905914448586,35905957851971,0,0,128,1,1,536870912,1,1
"KERNEL_DISPATCH",4,1,15,"statevec_controlledNotKernel",510,35905957851971,35905976635982,0,0,128,1,1,1073741824,1,1
"KERNEL_DISPATCH",4,1,15,"statevec_controlledNotKernel",511,35905976635982,35905998995515,0,0,128,1,1,1073741824,1,1
"KERNEL_DISPATCH",4,1,48,"statevec_controlledCompactUnitaryKernel",512,35905998995491,35906042446076,0,0,128,1,1,536870912,1,1
"KERNEL_DISPATCH",4,1,15,"statevec_controlledNotKernel",513,35906042446076,35906064792329,0,0,128,1,1,1073741824,1,1
"KERNEL_DISPATCH",4,1,15,"statevec_controlledNotKernel",514,35906064792329,35906087378262,0,0,128,1,1,1073741824,1,1
"KERNEL_DISPATCH",4,1,48,"statevec_controlledCompactUnitaryKernel",515,35906087378382,35906130774568,0,0,128,1,1,536870912,1,1
"KERNEL_DISPATCH",4,1,15,"statevec_controlledNotKernel",516,35906130774568,35906153421301,0,0,128,1,1,1073741824,1,1
"KERNEL_DISPATCH",4,1,15,"statevec_controlledNotKernel",517,35906153421301,35906175931075,0,0,128,1,1,1073741824,1,1
"KERNEL_DISPATCH",4,1,48,"statevec_controlledCompactUnitaryKernel",518,35906175930940,35906219319445,0,0,128,1,1,536870912,1,1
"KERNEL_DISPATCH",4,1,15,"statevec_controlledNotKernel",519,35906219319445,35906241831778,0,0,128,1,1,1073741824,1,1
"KERNEL_DISPATCH",4,1,15,"statevec_controlledNotKernel",520,35906241831778,35906264092271,0,0,128,1,1,1073741824,1,1
"KERNEL_DISPATCH",4,1,48,"statevec_controlledCompactUnitaryKernel",521,35906264092317,35906307598742,0,0,128,1,1,536870912,1,1
"KERNEL_DISPATCH",4,1,15,"statevec_controlledNotKernel",522,35906307598742,35906329865475,0,0,128,1,1,1073741824,1,1
"KERNEL_DISPATCH",4,1,15,"statevec_controlledNotKernel",523,35906329865475,35906348525806,0,0,128,1,1,1073741824,1,1
"KERNEL_DISPATCH",4,1,48,"statevec_controlledCompactUnitaryKernel",524,35906348526015,35906391886681,0,0,128,1,1,536870912,1,1
"KERNEL_DISPATCH",4,1,15,"statevec_controlledNotKernel",525,35906391886681,35906410554852,0,0,128,1,1,1073741824,1,1
"KERNEL_DISPATCH",4,1,15,"statevec_controlledNotKernel",526,35906410554852,35906429776464,0,0,128,1,1,1073741824,1,1
"KERNEL_DISPATCH",4,1,48,"statevec_controlledCompactUnitaryKernel",527,35906429776435,35906473128621,0,0,128,1,1,536870912,1,1
"KERNEL_DISPATCH",4,1,15,"statevec_controlledNotKernel",528,35906473128621,35906492405432,0,0,128,1,1,1073741824,1,1
"KERNEL_DISPATCH",4,1,15,"statevec_controlledNotKernel",529,35906492405598,35906540558907,0,0,128,1,1,1073741824,1,1
"KERNEL_DISPATCH",4,1,48,"statevec_controlledCompactUnitaryKernel",530,35906540558907,35906583964053,0,0,128,1,1,536870912,1,1
"KERNEL_DISPATCH",4,1,15,"statevec_controlledNotKernel",531,35906583964080,35906632122989,0,0,128,1,1,1073741824,1,1
"KERNEL_DISPATCH",4,1,15,"statevec_controlledNotKernel",532,35906632122989,35906664430528,0,0,128,1,1,1073741824,1,1
"KERNEL_DISPATCH",4,1,48,"statevec_controlledCompactUnitaryKernel",533,35906664430551,35906707746897,0,0,128,1,1,536870912,1,1
"KERNEL_DISPATCH",4,1,15,"statevec_controlledNotKernel",534,35906707746897,35906740021796,0,0,128,1,1,1073741824,1,1
"KERNEL_DISPATCH",4,1,15,"statevec_controlledNotKernel",535,35906740021796,35906764441012,0,0,128,1,1,1073741824,1,1
"KERNEL_DISPATCH",4,1,48,"statevec_controlledCompactUnitaryKernel",536,35906764440975,35906807807881,0,0,128,1,1,536870912,1,1
"KERNEL_DISPATCH",4,1,15,"statevec_controlledNotKernel",537,35906807807881,35906832221336,0,0,128,1,1,1073741824,1,1
"KERNEL_DISPATCH",4,1,15,"statevec_controlledNotKernel",538,35906832221336,35906857861351,0,0,128,1,1,1073741824,1,1
"KERNEL_DISPATCH",4,1,48,"statevec_controlledCompactUnitaryKernel",539,35906857861379,35906901230685,0,0,128,1,1,536870912,1,1
"KERNEL_DISPATCH",4,1,15,"statevec_controlledNotKernel",540,35906901230685,35906926850220,0,0,128,1,1,1073741824,1,1
"KERNEL_DISPATCH",4,1,15,"statevec_controlledNotKernel",541,35906926850220,35906945220952,0,0,128,1,1,1073741824,1,1
"KERNEL_DISPATCH",4,1,48,"statevec_controlledCompactUnitaryKernel",542,35906945221025,35906988562812,0,0,128,1,1,536870912,1,1
"KERNEL_DISPATCH",4,1,15,"statevec_controlledNotKernel",543,35906988562812,35907006942023,0,0,128,1,1,1073741824,1,1
"KERNEL_DISPATCH",4,1,15,"statevec_controlledNotKernel",544,35907006942023,35907025537075,0,0,128,1,1,1073741824,1,1
"KERNEL_DISPATCH",4,1,48,"statevec_controlledCompactUnitaryKernel",545,35907025548570,35907068894037,0,0,128,1,1,536870912,1,1
"KERNEL_DISPATCH",4,1,15,"statevec_controlledNotKernel",546,35907068894037,35907087494688,0,0,128,1,1,1073741824,1,1
"KERNEL_DISPATCH",4,1,15,"statevec_controlledNotKernel",547,35907087494688,35907107910221,0,0,128,1,1,1073741824,1,1
"KERNEL_DISPATCH",4,1,48,"statevec_controlledCompactUnitaryKernel",548,35907107910209,35907151291356,0,0,128,1,1,536870912,1,1
"KERNEL_DISPATCH",4,1,15,"statevec_controlledNotKernel",549,35907151291356,35907171707368,0,0,128,1,1,1073741824,1,1
"KERNEL_DISPATCH",4,1,15,"statevec_controlledNotKernel",550,35907171707368,35907190269780,0,0,128,1,1,1073741824,1,1
"KERNEL_DISPATCH",4,1,48,"statevec_controlledCompactUnitaryKernel",551,35907190269831,35907233815298,0,0,128,1,1,536870912,1,1
"KERNEL_DISPATCH",4,1,15,"statevec_controlledNotKernel",552,35907233815298,35907252390509,0,0,128,1,1,1073741824,1,1
"KERNEL_DISPATCH",4,1,15,"statevec_controlledNotKernel",553,35907252390509,35907271148601,0,0,128,1,1,1073741824,1,1
"KERNEL_DISPATCH",4,1,48,"statevec_controlledCompactUnitaryKernel",554,35907271148707,35907314517214,0,0,128,1,1,536870912,1,1
"KERNEL_DISPATCH",4,1,15,"statevec_controlledNotKernel",555,35907314517214,35907333291465,0,0,128,1,1,1073741824,1,1
"KERNEL_DISPATCH",4,1,15,"statevec_controlledNotKernel",556,35907333291465,35907355591640,0,0,128,1,1,1073741824,1,1
"KERNEL_DISPATCH",4,1,48,"statevec_controlledCompactUnitaryKernel",557,35907355591691,35907398948358,0,0,128,1,1,536870912,1,1
"KERNEL_DISPATCH",4,1,15,"statevec_controlledNotKernel",558,35907398948358,35907421249652,0,0,128,1,1,1073741824,1,1
"KERNEL_DISPATCH",4,1,15,"statevec_controlledNotKernel",559,35907421249652,35907443882946,0,0,128,1,1,1073741824,1,1
"KERNEL_DISPATCH",4,1,48,"statevec_controlledCompactUnitaryKernel",560,35907443883007,35907487216795,0,0,128,1,1,536870912,1,1
"KERNEL_DISPATCH",4,1,15,"statevec_controlledNotKernel",561,35907487216795,35907509866089,0,0,128,1,1,1073741824,1,1
"KERNEL_DISPATCH",4,1,15,"statevec_controlledNotKernel",562,35907509866089,35907532386584,0,0,128,1,1,1073741824,1,1
"KERNEL_DISPATCH",4,1,48,"statevec_controlledCompactUnitaryKernel",563,35907532386529,35907575756796,0,0,128,1,1,536870912,1,1
"KERNEL_DISPATCH",4,1,15,"statevec_controlledNotKernel",564,35907575756796,35907598267850,0,0,128,1,1,1073741824,1,1
"KERNEL_DISPATCH",4,1,15,"statevec_controlledNotKernel",565,35907598267850,35907620605784,0,0,128,1,1,1073741824,1,1
"KERNEL_DISPATCH",4,1,48,"statevec_controlledCompactUnitaryKernel",566,35907620605873,35907663965741,0,0,128,1,1,536870912,1,1
"KERNEL_DISPATCH",4,1,15,"statevec_controlledNotKernel",567,35907663965741,35907686302875,0,0,128,1,1,1073741824,1,1
"KERNEL_DISPATCH",4,1,15,"statevec_controlledNotKernel",568,35907686302875,35907704969447,0,0,128,1,1,1073741824,1,1
"KERNEL_DISPATCH",4,1,48,"statevec_controlledCompactUnitaryKernel",569,35907704969418,35907748319686,0,0,128,1,1,536870912,1,1
"KERNEL_DISPATCH",4,1,15,"statevec_controlledNotKernel",570,35907748319686,35907766994898,0,0,128,1,1,1073741824,1,1
"KERNEL_DISPATCH",4,1,15,"statevec_controlledNotKernel",571,35907766994898,35907786268350,0,0,128,1,1,1073741824,1,1
"KERNEL_DISPATCH",4,1,48,"statevec_controlledCompactUnitaryKernel",572,35907786268404,35907829642032,0,0,128,1,1,536870912,1,1
"KERNEL_DISPATCH",4,1,15,"statevec_controlledNotKernel",573,35907829642032,35907848913724,0,0,128,1,1,1073741824,1,1
"KERNEL_DISPATCH",4,1,15,"statevec_controlledNotKernel",574,35907848913730,35907896676641,0,0,128,1,1,1073741824,1,1
"KERNEL_DISPATCH",4,1,48,"statevec_controlledCompactUnitaryKernel",575,35907896676641,35907939749948,0,0,128,1,1,536870912,1,1
"KERNEL_DISPATCH",4,1,15,"statevec_controlledNotKernel",576,35907939750003,35907987533234,0,0,128,1,1,1073741824,1,1
"KERNEL_DISPATCH",4,1,15,"statevec_controlledNotKernel",577,35907987533234,35908019515334,0,0,128,1,1,1073741824,1,1
"KERNEL_DISPATCH",4,1,48,"statevec_controlledCompactUnitaryKernel",578,35908019515409,35908062557197,0,0,128,1,1,536870912,1,1
"KERNEL_DISPATCH",4,1,15,"statevec_controlledNotKernel",579,35908062557197,35908094531937,0,0,128,1,1,1073741824,1,1
"KERNEL_DISPATCH",4,1,15,"statevec_controlledNotKernel",580,35908094531937,35908118621073,0,0,128,1,1,1073741824,1,1
"KERNEL_DISPATCH",4,1,48,"statevec_controlledCompactUnitaryKernel",581,35908118621161,35908161696389,0,0,128,1,1,536870912,1,1
"KERNEL_DISPATCH",4,1,15,"statevec_controlledNotKernel",582,35908161696389,35908185813204,0,0,128,1,1,1073741824,1,1
"KERNEL_DISPATCH",4,1,15,"statevec_controlledNotKernel",583,35908185813204,35908211136741,0,0,128,1,1,1073741824,1,1
"KERNEL_DISPATCH",4,1,48,"statevec_controlledCompactUnitaryKernel",584,35908211136795,35908254219383,0,0,128,1,1,536870912,1,1
"KERNEL_DISPATCH",4,1,15,"statevec_controlledNotKernel",585,35908254219383,35908279571239,0,0,128,1,1,1073741824,1,1
"KERNEL_DISPATCH",4,1,15,"statevec_controlledNotKernel",586,35908279571239,35908298982612,0,0,128,1,1,1073741824,1,1
"KERNEL_DISPATCH",4,1,48,"statevec_controlledCompactUnitaryKernel",587,35908298982643,35908342020431,0,0,128,1,1,536870912,1,1
"KERNEL_DISPATCH",4,1,15,"statevec_controlledNotKernel",588,35908342020431,35908361423483,0,0,128,1,1,1073741824,1,1
"KERNEL_DISPATCH",4,1,15,"statevec_controlledNotKernel",589,35908361423483,35908379656616,0,0,128,1,1,1073741824,1,1
"KERNEL_DISPATCH",4,1,48,"statevec_controlledCompactUnitaryKernel",590,35908379656719,35908422736108,0,0,128,1,1,536870912,1,1
"KERNEL_DISPATCH",4,1,15,"statevec_controlledNotKernel",591,35908422736108,35908440990360,0,0,128,1,1,1073741824,1,1
"KERNEL_DISPATCH",4,1,15,"statevec_controlledNotKernel",592,35908440990360,35908460940133,0,0,128,1,1,1073741824,1,1
"KERNEL_DISPATCH",4,1,48,"statevec_controlledCompactUnitaryKernel",593,35908460940103,35908504035971,0,0,128,1,1,536870912,1,1
"KERNEL_DISPATCH",4,1,15,"statevec_controlledNotKernel",594,35908504035971,35908524014224,0,0,128,1,1,1073741824,1,1
"KERNEL_DISPATCH",4,1,15,"statevec_controlledNotKernel",595,35908524014224,35908542341436,0,0,128,1,1,1073741824,1,1
"KERNEL_DISPATCH",4,1,48,"statevec_controlledCompactUnitaryKernel",596,35908542341473,35908585434302,0,0,128,1,1,536870912,1,1
"KERNEL_DISPATCH",4,1,15,"statevec_controlledNotKernel",597,35908585434302,35908603762154,0,0,128,1,1,1073741824,1,1
"KERNEL_DISPATCH",4,1,15,"statevec_controlledNotKernel",598,35908603762154,35908622265846,0,0,128,1,1,1073741824,1,1
"KERNEL_DISPATCH",4,1,48,"statevec_controlledCompactUnitaryKernel",599,35908622265868,35908665329257,0,0,128,1,1,536870912,1,1
"KERNEL_DISPATCH",4,1,15,"statevec_controlledNotKernel",600,35908665329257,35908683833589,0,0,128,1,1,1073741824,1,1
"KERNEL_DISPATCH",4,1,15,"statevec_controlledNotKernel",601,35908683833589,35908705967684,0,0,128,1,1,1073741824,1,1
"KERNEL_DISPATCH",4,1,48,"statevec_controlledCompactUnitaryKernel",602,35908705967795,35908749064784,0,0,128,1,1,536870912,1,1
"KERNEL_DISPATCH",4,1,15,"statevec_controlledNotKernel",603,35908749064784,35908771205919,0,0,128,1,1,1073741824,1,1
"KERNEL_DISPATCH",4,1,15,"statevec_controlledNotKernel",604,35908771205919,35908793701294,0,0,128,1,1,1073741824,1,1
"KERNEL_DISPATCH",4,1,48,"statevec_controlledCompactUnitaryKernel",605,35908793701450,35908836766119,0,0,128,1,1,536870912,1,1
"KERNEL_DISPATCH",4,1,15,"statevec_controlledNotKernel",606,35908836766119,35908859270774,0,0,128,1,1,1073741824,1,1
"KERNEL_DISPATCH",4,1,15,"statevec_controlledNotKernel",607,35908859270774,35908881597509,0,0,128,1,1,1073741824,1,1
"KERNEL_DISPATCH",4,1,48,"statevec_controlledCompactUnitaryKernel",608,35908881597447,35908924694756,0,0,128,1,1,536870912,1,1
"KERNEL_DISPATCH",4,1,15,"statevec_controlledNotKernel",609,35908924694756,35908947007411,0,0,128,1,1,1073741824,1,1
"KERNEL_DISPATCH",4,1,15,"statevec_controlledNotKernel",610,35908947007411,35908969114466,0,0,128,1,1,1073741824,1,1
"KERNEL_DISPATCH",4,1,48,"statevec_controlledCompactUnitaryKernel",611,35908969114488,35909012185717,0,0,128,1,1,536870912,1,1
"KERNEL_DISPATCH",4,1,15,"statevec_controlledNotKernel",612,35909012185717,35909034284132,0,0,128,1,1,1073741824,1,1
"KERNEL_DISPATCH",4,1,15,"statevec_controlledNotKernel",613,35909034284132,35909052646224,0,0,128,1,1,1073741824,1,1
"KERNEL_DISPATCH",4,1,48,"statevec_controlledCompactUnitaryKernel",614,35909052646302,35909095700411,0,0,128,1,1,536870912,1,1
"KERNEL_DISPATCH",4,1,15,"statevec_controlledNotKernel",615,35909095700411,35909114056583,0,0,128,1,1,1073741824,1,1
"KERNEL_DISPATCH",4,1,15,"statevec_controlledNotKernel",616,35909114056583,35909132397076,0,0,128,1,1,1073741824,1,1
"KERNEL_DISPATCH",4,1,48,"statevec_controlledCompactUnitaryKernel",617,35909132397171,35909175493040,0,0,128,1,1,536870912,1,1
"KERNEL_DISPATCH",4,1,15,"statevec_controlledNotKernel",618,35909175493040,35909193843932,0,0,128,1,1,1073741824,1,1
"KERNEL_DISPATCH",4,1,15,"statevec_controlledNotKernel",619,35909193843904,35909241611137,0,0,128,1,1,1073741824,1,1
"KERNEL_DISPATCH",4,1,48,"statevec_controlledCompactUnitaryKernel",620,35909241611137,35909284628446,0,0,128,1,1,536870912,1,1
"KERNEL_DISPATCH",4,1,15,"statevec_controlledNotKernel",621,35909284628574,35909332407327,0,0,128,1,1,1073741824,1,1
"KERNEL_DISPATCH",4,1,15,"statevec_controlledNotKernel",622,35909332407327,35909364390709,0,0,128,1,1,1073741824,1,1
"KERNEL_DISPATCH",4,1,48,"statevec_controlledCompactUnitaryKernel",623,35909364390706,35909407447216,0,0,128,1,1,536870912,1,1
"KERNEL_DISPATCH",4,1,15,"statevec_controlledNotKernel",624,35909407447216,35909439460998,0,0,128,1,1,1073741824,1,1
"KERNEL_DISPATCH",4,1,15,"statevec_controlledNotKernel",625,35909439460998,35909463529975,0,0,128,1,1,1073741824,1,1
"KERNEL_DISPATCH",4,1,48,"statevec_controlledCompactUnitaryKernel",626,35909463530042,35909506607512,0,0,128,1,1,536870912,1,1
"KERNEL_DISPATCH",4,1,15,"statevec_controlledNotKernel",627,35909506607512,35909530746088,0,0,128,1,1,1073741824,1,1
"KERNEL_DISPATCH",4,1,15,"statevec_controlledNotKernel",628,35909530746088,35909556102906,0,0,128,1,1,1073741824,1,1
"KERNEL_DISPATCH",4,1,48,"statevec_controlledCompactUnitaryKernel",629,35909556103055,35909599209165,0,0,128,1,1,536870912,1,1
"KERNEL_DISPATCH",4,1,15,"statevec_controlledNotKernel",630,35909599209165,35909624575262,0,0,128,1,1,1073741824,1,1
"KERNEL_DISPATCH",4,1,15,"statevec_controlledNotKernel",631,35909624575262,35909643974956,0,0,128,1,1,1073741824,1,1
"KERNEL_DISPATCH",4,1,48,"statevec_controlledCompactUnitaryKernel",632,35909643974955,35909687043785,0,0,128,1,1,536870912,1,1
"KERNEL_DISPATCH",4,1,15,"statevec_controlledNotKernel",633,35909687043785,35909706453878,0,0,128,1,1,1073741824,1,1
"KERNEL_DISPATCH",4,1,15,"statevec_controlledNotKernel",634,35909706453878,35909724888291,0,0,128,1,1,1073741824,1,1
"KERNEL_DISPATCH",4,1,48,"statevec_controlledCompactUnitaryKernel",635,35909724888308,35909767984818,0,0,128,1,1,536870912,1,1
"KERNEL_DISPATCH",4,1,15,"statevec_controlledNotKernel",636,35909767984818,35909786428031,0,0,128,1,1,1073741824,1,1
"KERNEL_DISPATCH",4,1,15,"statevec_controlledNotKernel",637,35909786428031,35909806397165,0,0,128,1,1,1073741824,1,1
"KERNEL_DISPATCH",4,1,48,"statevec_controlledCompactUnitaryKernel",638,35909806397134,35909849463244,0,0,128,1,1,536870912,1,1
"KERNEL_DISPATCH",4,1,15,"statevec_controlledNotKernel",639,35909849463244,35909869453178,0,0,128,1,1,1073741824,1,1
"KERNEL_DISPATCH",4,1,15,"statevec_controlledNotKernel",640,35909869453178,35909887781031,0,0,128,1,1,1073741824,1,1
"KERNEL_DISPATCH",4,1,48,"statevec_controlledCompactUnitaryKernel",641,35909887781130,35909930869160,0,0,128,1,1,536870912,1,1
"KERNEL_DISPATCH",4,1,15,"statevec_controlledNotKernel",642,35909930869160,35909949201653,0,0,128,1,1,1073741824,1,1
"KERNEL_DISPATCH",4,1,15,"statevec_controlledNotKernel",643,35909949201653,35909967694466,0,0,128,1,1,1073741824,1,1
"KERNEL_DISPATCH",4,1,48,"statevec_controlledCompactUnitaryKernel",644,35909967694563,35910010711714,0,0,128,1,1,536870912,1,1
"KERNEL_DISPATCH",4,1,15,"statevec_controlledNotKernel",645,35910010711714,35910029216847,0,0,128,1,1,1073741824,1,1
"KERNEL_DISPATCH",4,1,15,"statevec_controlledNotKernel",646,35910029216847,35910051335743,0,0,128,1,1,1073741824,1,1
"KERNEL_DISPATCH",4,1,48,"statevec_controlledCompactUnitaryKernel",647,35910051335821,35910094423692,0,0,128,1,1,536870912,1,1
"KERNEL_DISPATCH",4,1,15,"statevec_controlledNotKernel",648,35910094423692,35910116586748,0,0,128,1,1,1073741824,1,1
"KERNEL_DISPATCH",4,1,15,"statevec_controlledNotKernel",649,35910116586748,35910139117644,0,0,128,1,1,1073741824,1,1
"KERNEL_DISPATCH",4,1,48,"statevec_controlledCompactUnitaryKernel",650,35910139117614,35910182195885,0,0,128,1,1,536870912,1,1
"KERNEL_DISPATCH",4,1,15,"statevec_controlledNotKernel",651,35910182195885,35910204697181,0,0,128,1,1,1073741824,1,1
"KERNEL_DISPATCH",4,1,15,"statevec_controlledNotKernel",652,35910204697181,35910227012717,0,0,128,1,1,1073741824,1,1
"KERNEL_DISPATCH",4,1,48,"statevec_controlledCompactUnitaryKernel",653,35910227012778,35910270068649,0,0,128,1,1,536870912,1,1
"KERNEL_DISPATCH",4,1,15,"statevec_controlledNotKernel",654,35910270068649,35910292411545,0,0,128,1,1,1073741824,1,1
"KERNEL_DISPATCH",4,1,15,"statevec_controlledNotKernel",655,35910292411545,35910314497801,0,0,128,1,1,1073741824,1,1
"KERNEL_DISPATCH",4,1,48,"statevec_controlledCompactUnitaryKernel",656,35910314497830,35910357542181,0,0,128,1,1,536870912,1,1
"KERNEL_DISPATCH",4,1,15,"statevec_controlledNotKernel",657,35910357542181,35910379675317,0,0,128,1,1,1073741824,1,1
"KERNEL_DISPATCH",4,1,15,"statevec_controlledNotKernel",658,35910379675317,35910398033730,0,0,128,1,1,1073741824,1,1
"KERNEL_DISPATCH",4,1,48,"statevec_controlledCompactUnitaryKernel",659,35910398033880,35910441089751,0,0,128,1,1,536870912,1,1
"KERNEL_DISPATCH",4,1,15,"statevec_controlledNotKernel",660,35910441089751,35910459452964,0,0,128,1,1,1073741824,1,1
"KERNEL_DISPATCH",4,1,15,"statevec_controlledNotKernel",661,35910459452964,35910477808017,0,0,128,1,1,1073741824,1,1
"KERNEL_DISPATCH",4,1,48,"statevec_controlledCompactUnitaryKernel",662,35910477808040,35910520877351,0,0,128,1,1,536870912,1,1
"KERNEL_DISPATCH",4,1,15,"statevec_controlledNotKernel",663,35910520877351,35910539230164,0,0,128,1,1,1073741824,1,1
"KERNEL_DISPATCH",4,1,14,"statevec_controlledNotDistributedKernel",664,35910661847972,35910702641762,0,0,128,1,1,1073741824,1,1
"KERNEL_DISPATCH",4,1,41,"statevec_controlledCompactUnitaryDistributedKernel",665,35910825788356,35910885450800,0,0,128,1,1,1073741824,1,1
"KERNEL_DISPATCH",4,1,14,"statevec_controlledNotDistributedKernel",666,35911007840914,35911048641424,0,0,128,1,1,1073741824,1,1
"KERNEL_DISPATCH",4,1,14,"statevec_controlledNotDistributedKernel",667,35911171744712,35911197671611,0,0,128,1,1,1073741824,1,1
"KERNEL_DISPATCH",4,1,41,"statevec_controlledCompactUnitaryDistributedKernel",668,35911319961549,35911379603994,0,0,128,1,1,1073741824,1,1
"KERNEL_DISPATCH",4,1,14,"statevec_controlledNotDistributedKernel",669,35911501932734,35911527876593,0,0,128,1,1,1073741824,1,1
"KERNEL_DISPATCH",4,1,14,"statevec_controlledNotDistributedKernel",670,35911650276232,35911667686005,0,0,128,1,1,1073741824,1,1
"KERNEL_DISPATCH",4,1,41,"statevec_controlledCompactUnitaryDistributedKernel",671,35911790028865,35911849670511,0,0,128,1,1,1073741824,1,1
"KERNEL_DISPATCH",4,1,14,"statevec_controlledNotDistributedKernel",672,35911972032694,35911989397187,0,0,128,1,1,1073741824,1,1
"KERNEL_DISPATCH",4,1,14,"statevec_controlledNotDistributedKernel",673,35912111783256,35912129662310,0,0,128,1,1,1073741824,1,1
"KERNEL_DISPATCH",4,1,41,"statevec_controlledCompactUnitaryDistributedKernel",674,35912252070038,35912311720965,0,0,128,1,1,1073741824,1,1
"KERNEL_DISPATCH",4,1,14,"statevec_controlledNotDistributedKernel",675,35912434102581,35912451975235,0,0,128,1,1,1073741824,1,1
"KERNEL_DISPATCH",4,1,14,"statevec_controlledNotDistributedKernel",676,35912574397681,35912588274492,0,0,128,1,1,1073741824,1,1
"KERNEL_DISPATCH",4,1,41,"statevec_controlledCompactUnitaryDistributedKernel",677,35912710651954,35912770293601,0,0,128,1,1,1073741824,1,1
"KERNEL_DISPATCH",4,1,14,"statevec_controlledNotDistributedKernel",678,35912892622830,35912906510521,0,0,128,1,1,1073741824,1,1
"KERNEL_DISPATCH",4,1,14,"statevec_controlledNotDistributedKernel",679,35913028914949,35913042610960,0,0,128,1,1,1073741824,1,1
"KERNEL_DISPATCH",4,1,41,"statevec_controlledCompactUnitaryDistributedKernel",680,35913164894507,35913224527995,0,0,128,1,1,1073741824,1,1
"KERNEL_DISPATCH",4,1,14,"statevec_controlledNotDistributedKernel",681,35913346824966,35913360498097,0,0,128,1,1,1073741824,1,1
"KERNEL_DISPATCH",4,1,14,"statevec_controlledNotDistributedKernel",682,35913482831913,35913497381364,0,0,128,1,1,1073741824,1,1
"KERNEL_DISPATCH",4,1,41,"statevec_controlledCompactUnitaryDistributedKernel",683,35913619724776,35913679396185,0,0,128,1,1,1073741824,1,1
"KERNEL_DISPATCH",4,1,14,"statevec_controlledNotDistributedKernel",684,35913801715103,35913816298315,0,0,128,1,1,1073741824,1,1
"KERNEL_DISPATCH",4,1,14,"statevec_controlledNotDistributedKernel",685,35913938612711,35913951397201,0,0,128,1,1,1073741824,1,1
"KERNEL_DISPATCH",4,1,41,"statevec_controlledCompactUnitaryDistributedKernel",686,35914073899640,35914133542249,0,0,128,1,1,1073741824,1,1
"KERNEL_DISPATCH",4,1,14,"statevec_controlledNotDistributedKernel",687,35914255912802,35914268691052,0,0,128,1,1,1073741824,1,1
"KERNEL_DISPATCH",4,1,14,"statevec_controlledNotDistributedKernel",688,35914391180940,35914404261111,0,0,128,1,1,1073741824,1,1
"KERNEL_DISPATCH",4,1,41,"statevec_controlledCompactUnitaryDistributedKernel",689,35914526856263,35914586481273,0,0,128,1,1,1073741824,1,1
"KERNEL_DISPATCH",4,1,14,"statevec_controlledNotDistributedKernel",690,35914708804589,35914721897240,0,0,128,1,1,1073741824,1,1
"KERNEL_DISPATCH",4,1,14,"statevec_controlledNotDistributedKernel",691,35914844594750,35914859278122,0,0,128,1,1,1073741824,1,1
"KERNEL_DISPATCH",4,1,41,"statevec_controlledCompactUnitaryDistributedKernel",692,35914981613866,35915041247357,0,0,128,1,1,1073741824,1,1
"KERNEL_DISPATCH",4,1,14,"statevec_controlledNotDistributedKernel",693,35915163615294,35915178306346,0,0,128,1,1,1073741824,1,1
"KERNEL_DISPATCH",4,1,14,"statevec_controlledNotDistributedKernel",694,35915300681946,35915316003719,0,0,128,1,1,1073741824,1,1
"KERNEL_DISPATCH",4,1,41,"statevec_controlledCompactUnitaryDistributedKernel",695,35915438331680,35915497949972,0,0,128,1,1,1073741824,1,1
"KERNEL_DISPATCH",4,1,14,"statevec_controlledNotDistributedKernel",696,35915620277073,35915635601086,0,0,128,1,1,1073741824,1,1
"KERNEL_DISPATCH",4,1,14,"statevec_controlledNotDistributedKernel",697,35915758005924,35915772976497,0,0,128,1,1,1073741824,1,1
"KERNEL_DISPATCH",4,1,41,"statevec_controlledCompactUnitaryDistributedKernel",698,35915895330735,35915954980867,0,0,128,1,1,1073741824,1,1
"KERNEL_DISPATCH",4,1,14,"statevec_controlledNotDistributedKernel",699,35916077341491,35916092316544,0,0,128,1,1,1073741824,1,1
"KERNEL_DISPATCH",4,1,14,"statevec_controlledNotDistributedKernel",700,35916214648639,35916229322092,0,0,128,1,1,1073741824,1,1
"KERNEL_DISPATCH",4,1,41,"statevec_controlledCompactUnitaryDistributedKernel",701,35916351654641,35916411278854,0,0,128,1,1,1073741824,1,1
"KERNEL_DISPATCH",4,1,14,"statevec_controlledNotDistributedKernel",702,35916533628457,35916548299190,0,0,128,1,1,1073741824,1,1
"KERNEL_DISPATCH",4,1,14,"statevec_controlledNotDistributedKernel",703,35916670634112,35916683380843,0,0,128,1,1,1073741824,1,1
"KERNEL_DISPATCH",4,1,41,"statevec_controlledCompactUnitaryDistributedKernel",704,35916805741080,35916865362414,0,0,128,1,1,1073741824,1,1
"KERNEL_DISPATCH",4,1,14,"statevec_controlledNotDistributedKernel",705,35916987725300,35917000463871,0,0,128,1,1,1073741824,1,1
"KERNEL_DISPATCH",4,1,14,"statevec_controlledNotDistributedKernel",706,35917122820318,35917135558409,0,0,128,1,1,1073741824,1,1
"KERNEL_DISPATCH",4,1,41,"statevec_controlledCompactUnitaryDistributedKernel",707,35917257875402,35917317512416,0,0,128,1,1,1073741824,1,1
"KERNEL_DISPATCH",4,1,14,"statevec_controlledNotDistributedKernel",708,35917439899736,35917452635747,0,0,128,1,1,1073741824,1,1
"KERNEL_DISPATCH",4,1,28,"statevec_hadamardKernel",709,35917452635747,35917479314011,0,0,128,1,1,536870912,1,1
"KERNEL_DISPATCH",4,1,10,"statevec_findProbabilityOfZeroKernel",710,35917479348411,35917491650503,0,4096,512,1,1,536870912,1,1
"KERNEL_DISPATCH",4,1,12,"copySharedReduceBlock",711,35917491666343,35917491679303,0,4096,256,1,1,524288,1,1
"KERNEL_DISPATCH",4,1,12,"copySharedReduceBlock",712,35917491691943,35917491696903,0,4096,256,1,1,1024,1,1
"KERNEL_DISPATCH",4,1,12,"copySharedReduceBlock",713,35917491709223,35917491710983,0,32,2,1,1,2,1,1
"KERNEL_DISPATCH",4,1,10,"statevec_findProbabilityOfZeroKernel",714,35917493477864,35917505786996,0,4096,512,1,1,536870912,1,1
"KERNEL_DISPATCH",4,1,12,"copySharedReduceBlock",715,35917505801876,35917505814036,0,4096,256,1,1,524288,1,1
"KERNEL_DISPATCH",4,1,12,"copySharedReduceBlock",716,35917505826356,35917505831796,0,4096,256,1,1,1024,1,1
"KERNEL_DISPATCH",4,1,12,"copySharedReduceBlock",717,35917505844276,35917505846196,0,32,2,1,1,2,1,1
